hub	total_departures	trip_count	downstream_corridors	downstream_sla_breaches	downstream_delay_minutes	avg_downstream_delay_minutes	downstream_sla_breach_rate_pct	downstream_delay_contribution_rank
IND000000ACB	23279	1063	49	5760	380997	16.37	24.74	1
IND421302AAG	9012	821	29	3081	170462	18.92	34.19	2
IND562132AAA	9907	768	35	2047	141665	14.3	20.66	3
IND411033AAA	4021	403	20	1039	69150	17.2	25.84	4
IND712311AAA	2591	262	22	1001	63205	24.39	38.63	5
IND501359AAE	3336	329	27	940	56263	16.87	28.18	6
IND781018AAB	1566	90	15	622	48950	31.26	39.72	7
IND110037AAM	2000	256	24	603	41465	20.73	30.15	8
IND160002AAC	2422	370	29	611	40502	16.72	25.23	9
IND395023AAA	2182	93	8	479	37324	17.11	21.95	10
IND751002AAB	1467	79	6	462	34037	23.2	31.49	11
IND382430AAB	1742	280	13	441	29362	16.86	25.32	12
IND462022AAA	1422	123	9	412	25568	17.98	28.97	13
IND209304AAA	1495	220	13	414	23614	15.8	27.69	14
IND131028AAB	1674	245	20	356	23595	14.09	21.27	15
IND600056AAB	1660	300	18	402	21059	12.69	24.22	16
IND854326AAB	1052	70	8	273	20442	19.43	25.95	17
IND560099AAB	1924	466	18	380	19881	10.33	19.75	18
IND834002AAB	1072	80	7	518	19563	18.25	48.32	19
IND560300AAA	1287	331	12	312	14369	11.16	24.24	20
IND847226AAA	104	21	1	58	13864	133.31	55.77	21
IND400072AAB	673	300	11	499	13836	20.56	74.15	22
IND842001AAA	646	178	15	280	13268	20.54	43.34	23
IND212402AAA	65	13	1	56	13129	201.98	86.15	24
IND302014AAA	788	96	8	206	12790	16.23	26.14	25
IND416606AAA	50	10	1	32	12314	246.28	64.00	26
IND425405AAA	21	15	2	17	12072	574.86	80.95	27
IND580028AAA	395	78	8	125	11702	29.63	31.65	28
IND110064AAA	226	42	3	40	11557	51.14	17.70	29
IND176310AAA	39	13	1	13	11533	295.72	33.33	30
IND175015AAA	49	13	1	24	10813	220.67	48.98	31
IND444005AAB	444	26	3	206	10735	24.18	46.40	32
IND713205AAB	167	45	11	86	10319	61.79	51.50	33
IND847404AAB	45	18	1	32	10059	223.53	71.11	34
IND473331AAA	35	17	1	18	9726	277.89	51.43	35
IND530012AAA	711	71	11	219	9422	13.25	30.80	36
IND413002AAA	496	58	5	177	9297	18.74	35.69	37
IND313001AAB	385	53	5	154	8895	23.1	40.00	38
IND306401AAB	609	60	4	180	8837	14.51	29.56	39
IND825409AAA	613	14	1	149	8702	14.2	24.31	40
IND416012AAA	482	47	5	158	8619	17.88	32.78	41
IND847223AAA	19	15	1	16	8600	452.63	84.21	42
IND152026AAA	189	37	7	57	8492	44.93	30.16	43
IND000000ACT	680	160	3	147	8283	12.18	21.62	44
IND821115AAB	540	32	5	151	8182	15.15	27.96	45
IND125001AAA	269	45	8	72	8059	29.96	26.77	46
IND342301AAA	54	14	1	25	7887	146.06	46.30	47
IND249407AAA	168	43	3	90	7880	46.9	53.57	48
IND844505AAB	16	14	1	16	7878	492.38	100.00	49
IND721102AAA	19	13	1	16	7867	414.05	84.21	50
IND845305AAA	113	20	1	87	7863	69.58	76.99	51
IND208012AAA	33	13	1	22	7724	234.06	66.67	52
IND533106AAA	289	44	8	131	7566	26.18	45.33	53
IND403726AAA	333	43	6	85	7460	22.4	25.53	54
IND000000ACA	449	128	9	147	7422	16.53	32.74	55
IND788026AAC	163	34	4	115	7032	43.14	70.55	56
IND722151AAA	10	8	1	7	6878	687.8	70.00	57
IND177033AAA	142	18	1	55	6706	47.23	38.73	58
IND110044AAB	763	172	6	218	6649	8.71	28.57	59
IND518002AAA	401	71	8	64	6257	15.6	15.96	60
IND521225AAB	309	70	8	68	6252	20.23	22.01	61
IND683511AAA	389	86	7	44	6209	15.96	11.31	62
IND792121AAB	23	11	1	20	6149	267.35	86.96	63
IND263153AAB	295	56	7	85	6108	20.71	28.81	64
IND134109AAA	60	15	1	27	5991	99.85	45.00	65
IND221313AAA	61	15	6	49	5917	97	80.33	66
IND121004AAB	575	169	7	213	5736	9.98	37.04	67
IND802212AAA	14	7	1	6	5681	405.79	42.86	68
IND431136AAC	334	57	5	129	5650	16.92	38.62	69
IND515004AAA	390	59	6	75	5557	14.25	19.23	70
IND400072AAD	238	99	1	154	5553	23.33	64.71	71
IND743270AAA	5	5	1	5	5299	1059.8	100.00	72
IND271001AAA	32	6	2	21	5187	162.09	65.63	73
IND211002AAB	249	49	4	128	5023	20.17	51.41	74
IND249201AAA	29	21	2	21	4987	171.97	72.41	75
IND851127AAA	84	20	2	67	4978	59.26	79.76	76
IND472001AAA	180	19	2	110	4831	26.84	61.11	77
IND485001AAC	104	21	5	65	4820	46.35	62.50	78
IND585307AAB	123	21	2	62	4614	37.51	50.41	79
IND713364AAB	52	12	1	18	4566	87.81	34.62	80
IND573201AAB	167	45	5	82	4552	27.26	49.10	81
IND273014AAB	225	45	6	122	4546	20.2	54.22	82
IND422011AAD	161	35	4	53	4490	27.89	32.92	83
IND431517AAB	151	12	1	103	4450	29.47	68.21	84
IND302014AAB	372	150	12	127	4443	11.94	34.14	85
IND474003AAA	352	40	6	53	4349	12.36	15.06	86
IND811399AAA	239	50	2	51	4279	17.9	21.34	87
IND756100AAC	101	19	4	55	4264	42.22	54.46	88
IND110037AAK	177	43	1	66	4244	23.98	37.29	89
IND147105AAA	30	8	2	11	4108	136.93	36.67	90
IND852111AAA	88	20	4	64	4005	45.51	72.73	91
IND829121AAA	53	11	1	29	3947	74.47	54.72	92
IND305001AAC	185	45	4	76	3724	20.13	41.08	93
IND473226AAA	106	20	2	27	3703	34.93	25.47	94
IND532001AAB	309	64	4	105	3691	11.94	33.98	95
IND742102AAB	209	41	5	121	3662	17.52	57.89	96
IND486661AAA	21	5	1	18	3657	174.14	85.71	97
IND203390AAA	98	20	1	42	3615	36.89	42.86	98
IND600032AAB	348	123	4	145	3593	10.32	41.67	99
IND842003AAB	134	37	8	83	3566	26.61	61.94	100
IND401104AAA	159	83	4	133	3557	22.37	83.65	101
IND786181AAC	171	34	3	111	3548	20.75	64.91	102
IND641062AAD	321	64	8	80	3487	10.86	24.92	103
IND845455AAB	131	20	2	72	3483	26.59	54.96	104
IND826004AAA	226	37	9	67	3481	15.4	29.65	105
IND424006AAA	228	38	9	77	3473	15.23	33.77	106
IND246424AAA	42	16	1	4	3432	81.71	9.52	107
IND413401AAA	187	19	1	52	3424	18.31	27.81	108
IND457226AAA	200	16	1	44	3378	16.89	22.00	109
IND832109AAB	106	22	1	84	3342	31.53	79.25	110
IND852139AAB	84	21	1	69	3338	39.74	82.14	111
IND524003AAA	237	14	1	39	3325	14.03	16.46	112
IND400102AAC	90	36	2	66	3310	36.78	73.33	113
IND523002AAA	217	39	5	30	3297	15.19	13.82	114
IND741201AAC	4	4	1	4	3233	808.25	100.00	115
IND401602AAA	29	17	1	26	3140	108.28	89.66	116
IND742101AAC	141	26	6	88	3109	22.05	62.41	117
IND144001AAC	294	27	2	116	3097	10.53	39.46	118
IND244901AAB	217	66	7	48	3076	14.18	22.12	119
IND500010AAB	175	39	1	75	3041	17.38	42.86	120
IND411014AAA	69	28	3	39	3032	43.94	56.52	121
IND144001AAB	174	58	5	60	3017	17.34	34.48	122
IND206001AAA	243	20	1	50	2986	12.29	20.58	123
IND000000ABD	144	12	1	24	2957	20.53	16.67	124
IND700065AAA	49	26	2	41	2932	59.84	83.67	125
IND416602AAC	82	7	1	33	2878	35.1	40.24	126
IND210427AAA	49	9	1	43	2853	58.22	87.76	127
IND500039AAC	75	38	4	47	2807	37.43	62.67	128
IND673592AAA	144	24	3	56	2796	19.42	38.89	129
IND712310AAE	153	50	4	94	2767	18.08	61.44	130
IND121002AAB	155	29	1	46	2749	17.74	29.68	131
IND390022AAA	255	50	4	48	2748	10.78	18.82	132
IND764071AAB	34	4	2	13	2727	80.21	38.24	133
IND273304AAA	97	14	1	49	2683	27.66	50.52	134
IND477001AAB	27	11	1	24	2647	98.04	88.89	135
IND201301AAM	207	27	1	43	2641	12.76	20.77	136
IND401209AAB	92	32	3	77	2637	28.66	83.70	137
IND176303AAA	10	10	1	1	2627	262.7	10.00	138
IND796321AAB	8	3	1	8	2626	328.25	100.00	139
IND452001AAC	38	11	2	20	2594	68.26	52.63	140
IND816109AAA	89	10	1	25	2579	28.98	28.09	141
IND757037AAA	56	13	2	31	2543	45.41	55.36	142
IND211008AAA	18	6	1	18	2540	141.11	100.00	143
IND248001AAA	99	12	1	27	2528	25.54	27.27	144
IND000000AFT	152	84	8	73	2519	16.57	48.03	145
IND723202AAA	97	14	1	43	2495	25.72	44.33	146
IND585104AAA	307	60	5	66	2493	8.12	21.50	147
IND500050AAA	79	26	2	35	2477	31.35	44.30	148
IND209801AAA	22	5	1	10	2468	112.18	45.45	149
IND221706AAA	56	11	1	47	2442	43.61	83.93	150
IND401209AAA	58	23	1	36	2441	42.09	62.07	151
IND688009AAA	44	16	1	24	2436	55.36	54.55	152
IND503111AAC	142	34	3	30	2434	17.14	21.13	153
IND585314AAA	92	19	2	35	2424	26.35	38.04	154
IND632006AAA	128	44	5	42	2407	18.8	32.81	155
IND321606AAA	24	9	2	11	2386	99.42	45.83	156
IND563125AAB	35	15	2	12	2374	67.83	34.29	157
IND202001AAB	99	21	4	51	2362	23.86	51.52	158
IND262802AAA	63	21	1	46	2340	37.14	73.02	159
IND283203AAA	127	14	2	49	2321	18.28	38.58	160
IND756032AAA	63	9	1	27	2307	36.62	42.86	161
IND151001AAA	221	51	4	23	2257	10.21	10.41	162
IND403702AAA	99	9	2	35	2247	22.7	35.35	163
IND400015AAB	92	29	2	57	2223	24.16	61.96	164
IND691551AAA	74	20	1	33	2204	29.78	44.59	165
IND210501AAB	141	16	1	95	2191	15.54	67.38	166
IND248001AAD	129	9	1	32	2189	16.97	24.81	167
IND395009AAA	21	16	1	17	2188	104.19	80.95	168
IND332001AAB	172	34	6	28	2172	12.63	16.28	169
IND796009AAA	13	4	1	13	2160	166.15	100.00	170
IND205001AAB	64	21	5	39	2154	33.66	60.94	171
IND244221AAA	125	21	1	23	2134	17.07	18.40	172
IND274301AAB	30	16	1	27	2101	70.03	90.00	173
IND786001AAB	174	42	7	73	2090	12.01	41.95	174
IND742401AAA	80	17	2	44	2085	26.06	55.00	175
IND401104AAB	48	28	2	37	2058	42.88	77.08	176
IND281121AAB	66	13	1	20	2054	31.12	30.30	177
IND424304AAC	20	11	2	5	2051	102.55	25.00	178
IND631501AAA	34	11	2	20	2045	60.15	58.82	179
IND342902A1B	90	9	1	41	2034	22.6	45.56	180
IND505122AAA	29	16	1	20	2021	69.69	68.97	181
IND400011AAA	131	65	2	108	2007	15.32	82.44	182
IND396191AAC	85	29	5	39	1996	23.48	45.88	183
IND560048AAB	124	43	2	44	1981	15.98	35.48	184
IND518102AAA	77	14	1	33	1975	25.65	42.86	185
IND794101AAA	72	9	1	48	1965	27.29	66.67	186
IND000000AEM	116	22	2	46	1936	16.69	39.66	187
IND508207AAB	82	16	3	37	1923	23.45	45.12	188
IND575004AAB	84	25	7	41	1893	22.54	48.81	189
IND583101AAA	84	28	2	54	1890	22.5	64.29	190
IND451666AAA	71	10	2	42	1876	26.42	59.15	191
IND798601AAA	40	5	1	26	1866	46.65	65.00	192
IND785690AAB	68	16	1	59	1864	27.41	86.76	193
IND282002AAD	125	30	5	41	1860	14.88	32.80	194
IND560058AAD	70	36	1	25	1852	26.46	35.71	195
IND416404AAA	16	6	1	11	1851	115.69	68.75	196
IND000000ABG	37	11	1	20	1838	49.68	54.05	197
IND560043AAC	168	79	3	43	1825	10.86	25.60	198
IND444602AAA	84	21	1	47	1823	21.7	55.95	199
IND507303AAA	72	18	1	60	1821	25.29	83.33	200
IND505001AAB	93	30	8	27	1807	19.43	29.03	201
IND506167AAB	76	16	1	23	1787	23.51	30.26	202
IND500080AAB	61	20	1	24	1784	29.25	39.34	203
IND506314AAA	29	16	1	24	1770	61.03	82.76	204
IND507002AAA	105	42	7	43	1767	16.83	40.95	205
IND243503AAB	41	11	1	21	1761	42.95	51.22	206
IND282001AAA	122	12	2	23	1755	14.39	18.85	207
IND421302AAR	103	59	4	88	1735	16.84	85.44	208
IND712103AAA	77	24	2	51	1729	22.45	66.23	209
IND462001AAA	55	28	1	54	1710	31.09	98.18	210
IND68004AAA	76	24	2	33	1709	22.49	43.42	211
IND395001AAA	15	14	1	15	1699	113.27	100.00	212
IND126112AAA	64	16	1	29	1697	26.52	45.31	213
IND466116AAA	44	13	1	24	1694	38.5	54.55	214
IND574221AAA	59	6	1	21	1689	28.63	35.59	215
IND221010AAB	13	5	3	11	1689	129.92	84.62	216
IND792130AAB	83	10	1	54	1685	20.3	65.06	217
IND500008AAC	27	14	2	16	1678	62.15	59.26	218
IND700136AAG	47	23	1	43	1675	35.64	91.49	219
IND521333AAA	38	14	1	25	1668	43.89	65.79	220
IND370001AAA	29	11	3	13	1666	57.45	44.83	221
IND582101AAB	52	18	1	51	1652	31.77	98.08	222
IND000000AEL	102	17	1	30	1646	16.14	29.41	223
IND507159AAA	19	15	2	9	1637	86.16	47.37	224
IND342005AAD	69	19	4	27	1636	23.71	39.13	225
IND400015AAA	71	37	2	58	1635	23.03	81.69	226
IND400102AAB	56	20	1	22	1633	29.16	39.29	227
IND610001AAA	111	27	2	36	1631	14.69	32.43	228
IND382421AAA	86	29	2	31	1627	18.92	36.05	229
IND415408AAC	13	9	1	10	1626	125.08	76.92	230
IND421601AAB	58	14	1	32	1616	27.86	55.17	231
IND577201AAA	102	11	2	28	1611	15.79	27.45	232
IND516115AAA	135	17	1	107	1607	11.9	79.26	233
IND577002AAA	150	31	3	42	1603	10.69	28.00	234
IND246149AAA	30	15	1	19	1575	52.5	63.33	235
IND600044AAD	132	52	5	60	1574	11.92	45.45	236
IND533401AAA	72	18	2	27	1568	21.78	37.50	237
IND560002AAA	101	40	2	44	1547	15.32	43.56	238
IND143001AAA	76	19	1	39	1546	20.34	51.32	239
IND441912AAA	107	11	1	64	1543	14.42	59.81	240
IND700053AAA	36	16	4	28	1543	42.86	77.78	241
IND821109AAA	24	11	1	24	1541	64.21	100.00	242
IND173025AAA	44	11	1	27	1525	34.66	61.36	243
IND560078AAC	92	36	2	32	1518	16.5	34.78	244
IND560083AAB	113	32	2	29	1518	13.43	25.66	245
IND425412AAA	29	14	4	20	1512	52.14	68.97	246
IND411036AAA	98	33	1	47	1510	15.41	47.96	247
IND423701AAB	174	18	1	43	1503	8.64	24.71	248
IND741156AAA	100	21	2	73	1501	15.01	73.00	249
IND321001AAA	35	13	2	5	1495	42.71	14.29	250
IND000000ACK	94	32	1	66	1494	15.89	70.21	251
IND608301AAA	96	16	1	28	1494	15.56	29.17	252
IND380021AAA	63	32	1	42	1492	23.68	66.67	253
IND731301AAA	53	19	1	13	1491	28.13	24.53	254
IND431603AAA	91	21	4	52	1489	16.36	57.14	255
IND713130AAA	86	18	2	50	1489	17.31	58.14	256
IND321022AAA	75	9	1	34	1486	19.81	45.33	257
IND283122AAB	27	10	2	5	1478	54.74	18.52	258
IND271210AAA	69	12	1	47	1450	21.01	68.12	259
IND508377AAB	56	12	1	15	1444	25.79	26.79	260
IND700065AAB	30	15	1	30	1434	47.8	100.00	261
IND462042AAA	34	17	1	28	1416	41.65	82.35	262
IND785634AAA	3	3	1	3	1415	471.67	100.00	263
IND263601AAA	36	12	3	13	1400	38.89	36.11	264
IND742303AAB	72	18	1	69	1398	19.42	95.83	265
IND500010AAA	37	11	3	9	1381	37.32	24.32	266
IND244001AAA	64	16	1	23	1374	21.47	35.94	267
IND331304AAA	14	4	1	7	1368	97.71	50.00	268
IND385535AAA	66	17	1	23	1364	20.67	34.85	269
IND586211AAA	158	19	2	34	1355	8.58	21.52	270
IND460001AAA	84	21	1	32	1355	16.13	38.10	271
IND502220AAC	110	22	1	25	1354	12.31	22.73	272
IND524101AAB	64	16	1	28	1353	21.14	43.75	273
IND312605AAB	66	19	2	23	1352	20.48	34.85	274
IND425409AAA	23	12	4	19	1351	58.74	82.61	275
IND212601AAA	63	16	1	43	1343	21.32	68.25	276
IND184121AAA	75	10	4	18	1343	17.91	24.00	277
IND110043AAA	84	38	2	30	1335	15.89	35.71	278
IND301001AAB	71	18	3	25	1335	18.8	35.21	279
IND125005AAA	79	14	5	18	1335	16.9	22.78	280
IND535001AAA	59	10	1	29	1325	22.46	49.15	281
IND142001AAB	119	30	2	12	1306	10.97	10.08	282
IND517501AAB	89	35	2	64	1303	14.64	71.91	283
IND722140AAA	14	10	2	2	1301	92.93	14.29	284
IND174101AAB	44	12	2	28	1299	29.52	63.64	285
IND362001AAA	200	37	4	51	1296	6.48	25.50	286
IND208017AAA	13	6	1	11	1292	99.38	84.62	287
IND742121AAA	35	18	2	35	1290	36.86	100.00	288
IND501401AAC	15	14	1	12	1272	84.8	80.00	289
IND110085AAB	56	18	5	25	1271	22.7	44.64	290
IND431112AAB	87	11	1	60	1268	14.57	68.97	291
IND175101AAA	32	4	1	13	1267	39.59	40.63	292
IND122004AAA	167	44	2	34	1266	7.58	20.36	293
IND570020AAA	47	24	3	18	1257	26.74	38.30	294
IND481661AAA	32	9	1	17	1253	39.16	53.13	295
IND812002AAA	36	18	1	29	1252	34.78	80.56	296
IND342902AAA	50	5	1	25	1248	24.96	50.00	297
IND845401AAA	44	22	1	32	1244	28.27	72.73	298
IND571124AAA	20	11	1	16	1238	61.9	80.00	299
IND335051AAA	80	10	1	15	1233	15.41	18.75	300
IND571114AAA	19	8	1	14	1233	64.89	73.68	301
IND841424AAA	33	9	2	29	1223	37.06	87.88	302
IND384205AAA	109	50	6	25	1223	11.22	22.94	303
IND721306AAA	36	21	4	19	1217	33.81	52.78	304
IND700028AAB	19	11	1	15	1211	63.74	78.95	305
IND629179AAA	43	11	1	23	1209	28.12	53.49	306
IND395023AAD	98	63	5	45	1207	12.32	45.92	307
IND852201AAA	24	19	3	23	1205	50.21	95.83	308
IND560058AAB	189	80	3	29	1191	6.3	15.34	309
IND583119AAA	18	9	1	17	1167	64.83	94.44	310
IND261001AAA	59	20	1	19	1165	19.75	32.20	311
IND507117AAB	72	18	1	12	1156	16.06	16.67	312
IND415612AAA	32	8	1	24	1154	36.06	75.00	313
IND641607AAA	68	35	3	24	1152	16.94	35.29	314
IND360530AAB	98	15	1	31	1151	11.74	31.63	315
IND210001AAA	30	10	1	30	1149	38.3	100.00	316
IND450331AAA	113	13	1	66	1148	10.16	58.41	317
IND802158AAB	37	11	1	19	1146	30.97	51.35	318
IND723130AAA	39	21	2	11	1145	29.36	28.21	319
IND583201AAA	72	27	3	31	1139	15.82	43.06	320
IND518422AAB	28	14	1	16	1131	40.39	57.14	321
IND400701AAB	49	26	1	27	1130	23.06	55.10	322
IND828111AAA	12	9	1	10	1122	93.5	83.33	323
IND581110AAE	118	20	2	30	1118	9.47	25.42	324
IND341510AAB	42	14	1	25	1115	26.55	59.52	325
IND504215AAA	48	16	2	19	1113	23.19	39.58	326
IND603301AAA	112	14	1	30	1112	9.93	26.79	327
IND635802AAB	91	16	2	33	1109	12.19	36.26	328
IND396001AAA	37	5	1	9	1108	29.95	24.32	329
IND176061AAA	18	2	1	6	1096	60.89	33.33	330
IND671315AAA	2	2	1	2	1095	547.5	100.00	331
IND600008AAC	67	18	3	45	1094	16.33	67.16	332
IND606801AAB	39	13	1	19	1093	28.03	48.72	333
IND140118AAA	85	17	1	25	1092	12.85	29.41	334
IND560300AAB	129	24	4	27	1086	8.42	20.93	335
IND563131AAB	87	16	3	23	1086	12.48	26.44	336
IND410206AAB	68	36	1	50	1083	15.93	73.53	337
IND591307AAC	33	7	3	19	1082	32.79	57.58	338
IND587103AAB	59	19	2	5	1082	18.34	8.47	339
IND600044AAE	87	29	1	34	1079	12.4	39.08	340
IND605601AAA	96	26	3	21	1079	11.24	21.88	341
IND848210AAA	30	20	2	16	1077	35.9	53.33	342
IND577598AAB	49	17	1	25	1076	21.96	51.02	343
IND635601AAB	51	11	2	35	1075	21.08	68.63	344
IND614620AAA	154	16	1	36	1074	6.97	23.38	345
IND585401AAA	44	22	1	18	1074	24.41	40.91	346
IND516390AAA	60	15	1	18	1072	17.87	30.00	347
IND721212AAA	79	10	1	36	1068	13.52	45.57	348
IND461111AAA	80	20	1	26	1068	13.35	32.50	349
IND132001AAA	13	6	3	7	1068	82.15	53.85	350
IND517583AAA	127	19	1	91	1064	8.38	71.65	351
IND207302AAA	21	6	1	11	1062	50.57	52.38	352
IND562132AAC	78	1	1	17	1061	13.6	21.79	353
IND854105AAB	35	9	2	22	1048	29.94	62.86	354
IND533003AAA	63	21	2	29	1044	16.57	46.03	355
IND713148AAA	34	17	1	28	1044	30.71	82.35	356
IND845418AAB	42	14	2	25	1040	24.76	59.52	357
IND000000AAL	35	18	1	21	1037	29.63	60.00	358
IND382715AAA	50	18	1	21	1035	20.7	42.00	359
IND416510AAA	79	20	2	34	1034	13.09	43.04	360
IND121102AAA	51	12	1	24	1030	20.2	47.06	361
IND586128AAA	107	19	2	26	1028	9.61	24.30	362
IND208019AAA	13	6	1	11	1025	78.85	84.62	363
IND328001AAA	48	14	3	12	1021	21.27	25.00	364
IND402301AAA	113	13	1	40	1019	9.02	35.40	365
IND176048AAA	31	11	1	14	1018	32.84	45.16	366
IND571426AAA	45	15	1	18	1012	22.49	40.00	367
IND210431AAA	25	5	1	17	1009	40.36	68.00	368
IND411021AAA	39	32	1	17	1001	25.67	43.59	369
IND262501AAA	40	8	1	3	1001	25.02	7.50	370
IND852113AAA	21	20	2	19	999	47.57	90.48	371
IND502286AAB	44	22	1	13	989	22.48	29.55	372
IND515801AAA	76	19	2	9	989	13.01	11.84	373
IND732103AAB	65	14	3	35	988	15.2	53.85	374
IND395006AAA	3	3	1	3	984	328	100.00	375
IND160102AAC	111	28	1	36	981	8.84	32.43	376
IND382721AAA	58	15	1	29	977	16.84	50.00	377
IND508001AAA	70	14	1	17	976	13.94	24.29	378
IND403401AAA	6	3	1	4	969	161.5	66.67	379
IND600016AAB	90	22	1	41	968	10.76	45.56	380
IND825301AAA	42	14	1	35	958	22.81	83.33	381
IND627005AAA	141	39	4	17	958	6.79	12.06	382
IND402109AAA	113	20	1	36	957	8.47	31.86	383
IND110030AAD	34	7	1	9	956	28.12	26.47	384
IND508223AAA	67	14	1	12	955	14.25	17.91	385
IND209111AAA	55	21	1	26	945	17.18	47.27	386
IND816107AAA	64	8	1	11	937	14.64	17.19	387
IND813102AAA	37	18	2	21	934	25.24	56.76	388
IND784176AAA	32	4	1	17	933	29.16	53.13	389
IND530012AAC	55	5	2	17	932	16.95	30.91	390
IND494334AAB	66	11	1	12	932	14.12	18.18	391
IND248197AAA	20	16	1	11	930	46.5	55.00	392
IND606201AAC	140	15	1	41	923	6.59	29.29	393
IND184104AAA	71	10	4	15	921	12.97	21.13	394
IND785001AAA	49	15	3	22	920	18.78	44.90	395
IND804420AAA	33	11	1	28	915	27.73	84.85	396
IND743347AAA	48	6	1	37	912	19	77.08	397
IND175001AAA	34	17	1	4	900	26.47	11.76	398
IND211011AAA	38	13	1	38	897	23.61	100.00	399
IND245304AAA	79	15	2	56	895	11.33	70.89	400
IND560064AAD	80	41	1	39	895	11.19	48.75	401
IND680587AAA	67	14	2	29	888	13.25	43.28	402
IND785682AAA	40	12	2	20	888	22.2	50.00	403
IND400705AAA	32	12	1	22	886	27.69	68.75	404
IND591302AAB	33	10	2	11	886	26.85	33.33	405
IND742226AAA	55	19	2	24	882	16.04	43.64	406
IND581314AAA	46	10	2	14	882	19.17	30.43	407
IND641011AAA	29	9	1	14	881	30.38	48.28	408
IND504293AAA	41	9	2	12	881	21.49	29.27	409
IND341306AAA	32	4	1	14	876	27.38	43.75	410
IND410401AAA	33	9	1	10	876	26.55	30.30	411
IND673027AAB	15	3	2	4	875	58.33	26.67	412
IND140901AAA	123	40	2	23	872	7.09	18.70	413
IND201301AAF	53	32	3	4	864	16.3	7.55	414
IND741123AAB	52	18	1	35	861	16.56	67.31	415
IND581325AAA	42	14	1	11	861	20.5	26.19	416
IND524201AAA	60	18	1	7	861	14.35	11.67	417
IND263645AAA	19	13	2	11	860	45.26	57.89	418
IND571213AAA	21	9	2	3	856	40.76	14.29	419
IND302022AAD	153	7	1	24	853	5.58	15.69	420
IND713128AAB	19	16	2	18	849	44.68	94.74	421
IND515134AAA	106	23	2	11	849	8.01	10.38	422
IND495677AAA	27	7	1	12	847	31.37	44.44	423
IND301019AAA	26	8	2	17	846	32.54	65.38	424
IND515761AAA	57	19	1	21	838	14.7	36.84	425
IND509358AAA	42	17	2	19	835	19.88	45.24	426
IND302020AAA	25	19	1	18	828	33.12	72.00	427
IND515201AAA	71	19	2	40	823	11.59	56.34	428
IND362265AAA	78	16	1	47	819	10.5	60.26	429
IND742202AAA	21	3	2	19	819	39	90.48	430
IND493445AAB	1	1	1	1	818	818	100.00	431
IND591102AAA	36	18	1	16	815	22.64	44.44	432
IND685514AAA	45	9	1	6	813	18.07	13.33	433
IND151506AAA	48	18	1	5	810	16.88	10.42	434
IND242221AAA	15	5	1	11	809	53.93	73.33	435
IND625008AAA	60	19	3	18	805	13.42	30.00	436
IND457001AAA	68	19	2	8	804	11.82	11.76	437
IND242307AAB	30	10	2	8	801	26.7	26.67	438
IND380006AAB	54	27	1	48	797	14.76	88.89	439
IND181201AAB	24	8	1	22	791	32.96	91.67	440
IND846004AAA	41	22	2	23	788	19.22	56.10	441
IND147001AAB	26	10	2	8	787	30.27	30.77	442
IND784001AAA	26	6	4	18	786	30.23	69.23	443
IND124507AAA	24	12	2	13	786	32.75	54.17	444
IND691001AAB	129	31	4	8	785	6.09	6.20	445
IND609001AAA	36	12	1	14	783	21.75	38.89	446
IND603102AAA	35	12	1	13	783	22.37	37.14	447
IND561202AAB	92	14	1	33	782	8.5	35.87	448
IND263401AAA	31	16	2	10	779	25.13	32.26	449
IND151103AAA	2	2	1	2	779	389.5	100.00	450
IND814112AAA	27	9	2	21	776	28.74	77.78	451
IND415709AAA	42	6	2	15	776	18.48	35.71	452
IND201007AAA	63	21	5	23	774	12.29	36.51	453
IND643212AAA	21	3	1	16	773	36.81	76.19	454
IND243301AAB	36	12	2	3	773	21.47	8.33	455
IND712124AAA	51	28	2	49	772	15.14	96.08	456
IND262122AAB	39	4	1	25	772	19.79	64.10	457
IND431131AAB	14	1	1	6	769	54.93	42.86	458
IND781124AAA	14	6	1	13	763	54.5	92.86	459
IND843126AAA	30	13	2	22	759	25.3	73.33	460
IND509301AAA	51	19	2	13	758	14.86	25.49	461
IND136027AAA	41	21	1	13	755	18.41	31.71	462
IND721253AAC	34	12	2	26	750	22.06	76.47	463
IND246763AAA	40	14	2	24	749	18.73	60.00	464
IND560060AAB	99	34	2	23	748	7.56	23.23	465
IND412105AAC	65	33	1	34	745	11.46	52.31	466
IND486889AAA	20	7	2	11	743	37.15	55.00	467
IND135001AAA	30	12	1	22	741	24.7	73.33	468
IND181152AAB	43	12	3	24	739	17.19	55.81	469
IND500008AAF	38	19	1	27	736	19.37	71.05	470
IND431717AAA	9	2	1	2	733	81.44	22.22	471
IND505184AAC	29	11	2	13	732	25.24	44.83	472
IND815301AAA	33	8	3	20	731	22.15	60.61	473
IND509103AAB	28	10	2	15	731	26.11	53.57	474
IND783348AAA	30	10	1	6	731	24.37	20.00	475
IND516101AAA	69	18	1	50	729	10.57	72.46	476
IND421502AAA	33	17	1	33	729	22.09	100.00	477
IND631102AAA	36	12	1	10	728	20.22	27.78	478
IND224001AAA	46	13	1	38	727	15.8	82.61	479
IND790001AAB	8	1	1	6	727	90.88	75.00	480
IND761200AAA	36	12	1	20	723	20.08	55.56	481
IND402107AAA	69	18	1	37	722	10.46	53.62	482
IND814133AAB	35	13	1	7	712	20.34	20.00	483
IND673632AAA	65	15	4	7	710	10.92	10.77	484
IND516269AAA	58	15	1	8	709	12.22	13.79	485
IND788151AAA	25	13	2	18	707	28.28	72.00	486
IND370615AAB	4	3	1	4	707	176.75	100.00	487
IND389001AAA	63	21	1	15	706	11.21	23.81	488
IND311301AAA	12	6	1	8	703	58.58	66.67	489
IND224141AAB	49	17	1	38	702	14.33	77.55	490
IND173212AAA	10	9	4	10	702	70.2	100.00	491
IND573142AAA	34	17	1	10	701	20.62	29.41	492
IND203135AAA	52	16	2	8	697	13.4	15.38	493
IND261201AAB	38	19	1	5	694	18.26	13.16	494
IND125047AAB	30	11	2	11	691	23.03	36.67	495
IND140301AAA	68	40	2	23	690	10.15	33.82	496
IND303603AAB	40	7	2	11	688	17.2	27.50	497
IND577522AAA	80	10	1	11	688	8.6	13.75	497
IND847103AAA	37	19	1	16	687	18.57	43.24	498
IND123401AAB	39	13	2	16	685	17.56	41.03	499
IND523226AAA	39	13	1	17	683	17.51	43.59	500
IND731237AAB	45	15	1	33	680	15.11	73.33	501
IND122001AAA	86	26	5	20	680	7.91	23.26	502
IND251309AAB	30	10	1	9	680	22.67	30.00	503
IND132103AAB	22	8	2	4	679	30.86	18.18	504
IND742149AAA	49	15	2	41	677	13.82	83.67	505
IND843301AAA	28	20	1	12	676	24.14	42.86	506
IND785112AAC	7	4	2	5	676	96.57	71.43	507
IND573134AAB	30	15	2	18	673	22.43	60.00	508
IND400072AAC	34	17	1	33	670	19.71	97.06	509
IND509124AAA	34	16	4	9	670	19.71	26.47	510
IND848101AAA	20	16	1	19	668	33.4	95.00	511
IND787001AAA	24	8	1	18	668	27.83	75.00	512
IND174001AAA	15	15	1	15	667	44.47	100.00	513
IND562114AAA	25	17	2	22	664	26.56	88.00	514
IND331507AAA	24	3	1	10	664	27.67	41.67	515
IND783370AAC	24	8	1	15	663	27.62	62.50	516
IND174103AAA	18	6	1	11	663	36.83	61.11	517
IND600008AAA	65	14	1	36	662	10.18	55.38	518
IND742148AAA	45	16	1	45	661	14.69	100.00	519
IND458990AAA	30	10	1	9	661	22.03	30.00	520
IND584101AAA	56	17	3	18	659	11.77	32.14	521
IND815353AAA	39	11	3	16	657	16.85	41.03	522
IND247554AAA	56	14	2	4	653	11.66	7.14	523
IND247667AAA	28	14	1	12	649	23.18	42.86	524
IND465683AAA	39	13	1	5	645	16.54	12.82	525
IND313324AAA	41	14	1	9	644	15.71	21.95	526
IND600119AAA	18	10	1	10	643	35.72	55.56	527
IND207247AAB	20	10	1	14	642	32.1	70.00	528
IND515401AAB	35	18	1	33	641	18.31	94.29	529
IND424201AAA	1	1	1	1	640	640	100.00	530
IND400064AAB	24	21	2	23	639	26.62	95.83	531
IND147001AAD	15	7	3	7	637	42.47	46.67	532
IND605010AAB	38	19	3	4	636	16.74	10.53	533
IND532127AAA	62	21	1	24	634	10.23	38.71	534
IND389151AAA	22	11	1	18	633	28.77	81.82	535
IND441206AAB	50	8	2	26	632	12.64	52.00	536
IND110020AAB	7	4	1	5	629	89.86	71.43	537
IND636705AAB	41	9	2	8	628	15.32	19.51	538
IND124141AAA	38	10	1	10	625	16.45	26.32	539
IND305601AAC	19	18	1	7	624	32.84	36.84	540
IND244235AAA	80	20	1	15	620	7.75	18.75	541
IND262701AAA	40	20	1	28	619	15.48	70.00	542
IND370110AAA	32	14	2	17	615	19.22	53.13	543
IND853204AAA	33	11	1	17	615	18.64	51.52	543
IND506002AAA	78	39	3	15	612	7.85	19.23	544
IND370201AAA	55	9	2	11	611	11.11	20.00	545
IND585330AAE	42	21	1	5	611	14.55	11.90	546
IND614809AAA	77	17	1	19	610	7.92	24.68	547
IND396580AAB	30	8	1	10	609	20.3	33.33	548
IND458664AAA	14	7	1	9	609	43.5	64.29	549
IND788713AAA	11	11	2	11	608	55.27	100.00	550
IND721501AAC	22	7	2	4	606	27.55	18.18	551
IND204101AAA	12	4	2	10	601	50.08	83.33	552
IND700026AAC	13	6	2	7	601	46.23	53.85	553
IND248122AAB	15	15	1	9	597	39.8	60.00	554
IND311302AAA	6	3	1	3	597	99.5	50.00	555
IND573116AAA	28	14	3	5	594	21.21	17.86	556
IND627401AAA	26	13	1	13	593	22.81	50.00	557
IND691305AAA	48	16	2	40	591	12.31	83.33	558
IND396321AAA	98	25	2	19	590	6.02	19.39	559
IND743395AAA	7	4	1	6	589	84.14	85.71	560
IND517644AAA	30	15	1	18	581	19.37	60.00	561
IND843105AAB	35	20	1	18	581	16.6	51.43	561
IND803116AAA	26	13	1	21	580	22.31	80.77	562
IND788806AAA	10	10	2	10	580	58	100.00	563
IND591123AAC	45	19	1	3	580	12.89	6.67	564
IND470004AAA	28	6	4	15	579	20.68	53.57	565
IND274001AAA	21	14	2	10	579	27.57	47.62	566
IND305901AAA	23	7	2	6	579	25.17	26.09	567
IND572101AAA	80	13	2	23	577	7.21	28.75	568
IND722122AAA	48	8	1	15	576	12	31.25	569
IND581119AAB	54	14	1	6	573	10.61	11.11	570
IND523316AAB	42	14	1	5	571	13.6	11.90	571
IND341001AAC	32	9	2	2	571	17.84	6.25	572
IND431203AAA	86	12	2	25	570	6.63	29.07	573
IND335001AAA	40	10	1	4	570	14.25	10.00	574
IND506132AAA	38	19	1	10	569	14.97	26.32	575
IND742121AAB	36	17	2	35	568	15.78	97.22	576
IND363310AAB	54	9	1	17	568	10.52	31.48	577
IND583231AAA	45	15	1	36	565	12.56	80.00	578
IND360490AAA	20	10	1	15	565	28.25	75.00	579
IND126116AAA	20	5	1	20	563	28.15	100.00	580
IND110078AAA	28	14	1	18	562	20.07	64.29	581
IND614018AAA	29	10	1	8	562	19.38	27.59	582
IND302026AAA	4	3	1	3	562	140.5	75.00	583
IND251201AAA	6	2	2	2	562	93.67	33.33	584
IND000000ACN	32	16	1	16	558	17.44	50.00	585
IND110052AAA	61	10	1	13	558	9.15	21.31	586
IND700088AAA	25	9	1	19	554	22.16	76.00	587
IND582209AAA	32	16	1	9	554	17.31	28.13	588
IND642001AAA	105	18	2	14	553	5.27	13.33	589
IND362150AAA	54	11	1	13	553	10.24	24.07	590
IND626123AAA	34	17	1	0	553	16.26	0.00	591
IND442101AAB	30	12	1	21	549	18.3	70.00	592
IND631003AAA	36	10	1	15	547	15.19	41.67	593
IND413501AAA	54	22	2	5	546	10.11	9.26	594
IND148028AAA	36	12	2	12	545	15.14	33.33	595
IND723101AAA	27	14	1	8	545	20.19	29.63	596
IND741165AAB	30	15	1	15	544	18.13	50.00	597
IND245101AAA	40	17	2	27	543	13.58	67.50	598
IND000000AET	24	8	1	16	542	22.58	66.67	599
IND585211AAA	58	20	2	12	542	9.34	20.69	600
IND364004AAB	34	7	1	11	540	15.88	32.35	601
IND814101AAB	44	11	1	9	538	12.23	20.45	602
IND331701AAA	6	2	1	3	538	89.67	50.00	603
IND600116AAB	34	16	3	15	537	15.79	44.12	604
IND574216AAA	38	6	2	22	534	14.05	57.89	605
IND380054AAA	47	24	1	19	534	11.36	40.43	606
IND262405AAA	3	2	1	2	532	177.33	66.67	607
IND365560AAB	22	11	1	21	531	24.14	95.45	608
IND425508AAB	45	16	1	40	530	11.78	88.89	609
IND401501AAA	49	17	1	28	530	10.82	57.14	610
IND243001AAA	31	15	2	10	528	17.03	32.26	611
IND480001AAA	46	12	2	9	528	11.48	19.57	612
IND500008AAD	12	6	1	7	528	44	58.33	613
IND563101AAB	55	16	3	8	526	9.56	14.55	614
IND670645AAB	21	6	1	15	525	25	71.43	615
IND431001AAB	33	18	1	29	522	15.82	87.88	616
IND361001AAA	48	16	1	15	520	10.83	31.25	617
IND410206AAA	25	13	1	22	517	20.68	88.00	618
IND641006AAD	15	5	1	4	516	34.4	26.67	619
IND415605AAA	32	16	1	17	515	16.09	53.13	620
IND638701AAA	50	17	1	15	513	10.26	30.00	621
IND630561AAA	85	20	2	13	513	6.04	15.29	622
IND507123AAA	48	12	1	5	511	10.65	10.42	623
IND175018AAA	16	16	1	16	510	31.88	100.00	624
IND626138AAA	48	16	1	11	509	10.6	22.92	625
IND421302AAN	46	16	1	34	508	11.04	73.91	626
IND341503AAB	24	12	1	14	508	21.17	58.33	627
IND843329AAB	13	13	1	12	508	39.08	92.31	628
IND742225AAA	32	16	1	32	507	15.84	100.00	629
IND362560AAA	64	11	1	14	507	7.92	21.88	630
IND852131AAA	13	9	2	9	507	39	69.23	631
IND802301AAA	20	10	1	10	506	25.3	50.00	632
IND141003AAB	51	29	3	7	504	9.88	13.73	633
IND285205AAB	15	5	1	7	504	33.6	46.67	633
IND571105AAA	26	13	2	4	504	19.38	15.38	634
IND305404AAA	42	14	2	8	503	11.98	19.05	635
IND000000ADV	72	18	1	4	500	6.94	5.56	636
IND362720AAA	66	17	1	27	498	7.55	40.91	637
IND600076AAB	40	18	2	23	498	12.45	57.50	638
IND321408AAB	12	5	2	6	497	41.42	50.00	639
IND845438AAA	29	15	1	12	496	17.1	41.38	640
IND501359AAG	22	11	1	14	495	22.5	63.64	641
IND741126AAB	49	20	1	39	493	10.06	79.59	642
IND508213AAB	28	14	1	11	492	17.57	39.29	643
IND743513AAA	60	12	1	23	491	8.18	38.33	644
IND638501AAB	87	14	1	14	491	5.64	16.09	645
IND574104AAA	52	11	1	20	490	9.42	38.46	646
IND303303AAA	121	16	1	14	489	4.04	11.57	647
IND208006AAA	9	3	1	4	489	54.33	44.44	648
IND784168AAB	20	8	2	16	487	24.35	80.00	649
IND250002AAA	14	5	1	5	487	34.79	35.71	650
IND383255AAB	36	9	1	6	485	13.47	16.67	651
IND521165AAA	4	3	1	4	485	121.25	100.00	652
IND583227AAA	78	16	2	21	484	6.21	26.92	653
IND388620AAB	65	13	1	22	483	7.43	33.85	654
IND322201AAA	75	14	2	18	481	6.41	24.00	655
IND484446AAA	30	3	1	10	481	16.03	33.33	656
IND136128AAA	43	22	1	24	480	11.16	55.81	657
IND854335AAA	34	19	3	15	480	14.12	44.12	658
IND503122AAA	38	19	1	8	480	12.63	21.05	659
IND333042AAA	39	13	1	1	480	12.31	2.56	660
IND563131AAA	70	14	1	13	479	6.84	18.57	661
IND695012AAA	39	14	2	4	479	12.28	10.26	662
IND312001AAA	51	19	2	6	477	9.35	11.76	663
IND303503AAA	62	11	1	23	476	7.68	37.10	664
IND431708AAA	32	16	1	13	473	14.78	40.63	665
IND854311AAA	20	12	3	8	472	23.6	40.00	666
IND487551AAA	21	7	1	7	470	22.38	33.33	667
IND400016AAB	19	16	2	17	468	24.63	89.47	668
IND302006AAA	25	13	1	19	467	18.68	76.00	669
IND518501AAA	30	15	1	8	467	15.57	26.67	670
IND845412AAB	30	15	1	15	466	15.53	50.00	671
IND673573AAA	24	12	1	0	465	19.38	0.00	672
IND396232AAA	30	15	1	22	464	15.47	73.33	673
IND521301AAA	37	19	1	19	462	12.49	51.35	674
IND533262AAA	24	12	2	7	461	19.21	29.17	675
IND504208AAB	19	7	2	5	461	24.26	26.32	676
IND515591AAA	30	10	1	5	461	15.37	16.67	676
IND581400AAB	31	12	1	9	460	14.84	29.03	677
IND535501AAB	38	18	2	3	460	12.11	7.89	678
IND733129AAA	23	4	1	11	458	19.91	47.83	679
IND110092AAC	42	7	2	8	458	10.9	19.05	680
IND688524AAA	21	7	1	16	457	21.76	76.19	681
IND421301AAA	18	15	1	17	455	25.28	94.44	682
IND507111AAA	41	20	2	17	455	11.1	41.46	682
IND277201AAA	28	7	1	14	455	16.25	50.00	683
IND533201AAA	19	11	2	12	455	23.95	63.16	684
IND757041AAA	9	5	2	2	455	50.56	22.22	685
IND388320AAA	39	19	4	11	454	11.64	28.21	686
IND473001AAA	22	11	1	11	454	20.64	50.00	686
IND363421AAB	31	13	1	11	453	14.61	35.48	687
IND206122AAA	57	19	1	3	453	7.95	5.26	688
IND829122AAA	42	14	1	9	452	10.76	21.43	689
IND607801AAA	43	15	1	27	450	10.47	62.79	690
IND781001AAA	20	10	1	14	446	22.3	70.00	691
IND522647AAA	38	19	1	3	444	11.68	7.89	692
IND471001AAA	36	9	1	3	442	12.28	8.33	693
IND282001AAF	40	18	1	22	441	11.02	55.00	694
IND121001AAA	40	27	1	13	438	10.95	32.50	695
IND140001AAA	38	19	1	3	438	11.53	7.89	696
IND134102AAA	16	16	1	16	437	27.31	100.00	697
IND132103AAA	19	8	2	5	437	23	26.32	698
IND736135AAA	16	11	2	13	435	27.19	81.25	699
IND600110AAA	44	11	2	10	434	9.86	22.73	700
IND431127AAA	21	7	1	13	431	20.52	61.90	701
IND201007AAB	37	17	3	12	431	11.65	32.43	702
IND603203AAA	27	14	2	21	430	15.93	77.78	703
IND147101AAA	19	10	2	2	430	22.63	10.53	704
IND532201AAA	41	21	2	17	429	10.46	41.46	705
IND431515AAA	14	14	1	14	429	30.64	100.00	706
IND465001AAA	33	9	3	5	428	12.97	15.15	707
IND581115AAC	74	20	1	16	427	5.77	21.62	708
IND843109AAB	32	12	2	8	427	13.34	25.00	709
IND802101AAA	17	15	2	16	424	24.94	94.12	710
IND422605AAA	52	10	2	10	423	8.13	19.23	711
IND585222AAA	83	22	2	5	422	5.08	6.02	712
IND384355AAB	34	13	2	3	420	12.35	8.82	713
IND505467AAA	26	13	1	8	417	16.04	30.77	714
IND454001AAA	68	17	1	3	417	6.13	4.41	715
IND731224AAA	33	11	1	19	416	12.61	57.58	716
IND786190AAA	40	10	2	13	416	10.4	32.50	717
IND847212AAA	42	21	1	18	414	9.86	42.86	718
IND637211AAA	91	16	1	17	413	4.54	18.68	719
IND400701AAA	50	18	2	19	412	8.24	38.00	720
IND670643AAA	45	5	1	15	412	9.16	33.33	721
IND391110AAD	20	5	2	12	412	20.6	60.00	722
IND591304AAA	41	12	2	8	412	10.05	19.51	723
IND344001AAA	99	13	3	8	411	4.15	8.08	724
IND635001AAA	32	8	2	7	411	12.84	21.88	725
IND416122AAA	23	1	1	5	409	17.78	21.74	726
IND335513AAA	48	16	3	7	408	8.5	14.58	727
IND848114AAA	21	21	1	2	408	19.43	9.52	728
IND246174AAA	32	16	1	1	408	12.75	3.13	729
IND344022AAB	45	10	2	5	407	9.04	11.11	730
IND764001AAC	35	7	1	17	406	11.6	48.57	731
IND485771AAA	8	2	2	5	406	50.75	62.50	732
IND431514AAA	32	16	1	19	405	12.66	59.38	733
IND521001AAA	21	8	2	11	405	19.29	52.38	734
IND244713AAA	18	17	2	9	405	22.5	50.00	735
IND390020AAA	32	8	3	12	403	12.59	37.50	736
IND226004AAA	13	7	2	10	402	30.92	76.92	737
IND509103AAC	17	6	1	7	401	23.59	41.18	738
IND322241AAA	52	15	1	22	398	7.65	42.31	739
IND515865AAB	36	18	1	9	398	11.06	25.00	740
IND466001AAA	29	15	1	7	398	13.72	24.14	741
IND521185AAA	38	8	2	11	397	10.45	28.95	742
IND423601AAA	48	15	2	9	396	8.25	18.75	743
IND476111AAA	23	8	2	14	394	17.13	60.87	744
IND581402AAA	33	10	2	6	394	11.94	18.18	745
IND415124AAA	58	16	1	5	394	6.79	8.62	746
IND395004AAB	7	4	1	7	392	56	100.00	747
IND341505AAA	40	13	2	10	391	9.78	25.00	748
IND413304AAA	69	11	2	13	390	5.65	18.84	749
IND783301AAA	22	11	1	7	389	17.68	31.82	750
IND722154AAA	5	2	2	3	389	77.8	60.00	751
IND686513AAA	26	9	2	18	387	14.88	69.23	752
IND123001AAA	26	13	1	7	386	14.85	26.92	753
IND625106AAA	26	13	1	1	386	14.85	3.85	754
IND531116AAA	33	5	2	17	385	11.67	51.52	755
IND388220AAA	41	14	1	10	383	9.34	24.39	756
IND563116AAA	28	14	1	10	383	13.68	35.71	756
IND793001AAA	9	3	2	8	383	42.56	88.89	757
IND508248AAB	33	15	1	6	383	11.61	18.18	758
IND403507AAA	8	3	1	3	383	47.88	37.50	759
IND534001AAA	17	15	2	2	383	22.53	11.76	760
IND532421AAA	31	19	1	12	381	12.29	38.71	761
IND124112AAA	20	8	3	7	381	19.05	35.00	762
IND624601AAA	34	17	2	6	381	11.21	17.65	763
IND602001AAB	22	11	1	14	380	17.27	63.64	764
IND413709AAA	55	17	3	17	378	6.87	30.91	765
IND788121AAA	9	3	1	8	378	42	88.89	766
IND400037AAA	13	13	1	12	376	28.92	92.31	767
IND160102AAD	51	15	2	16	375	7.35	31.37	768
IND508206AAA	35	18	3	12	374	10.69	34.29	769
IND609602AAA	11	11	1	11	374	34	100.00	770
IND624001AAA	47	22	3	8	372	7.91	17.02	771
IND131021AAA	96	58	1	20	371	3.86	20.83	772
IND560067AAC	22	20	1	20	369	16.77	90.91	773
IND509001AAA	38	19	1	10	369	9.71	26.32	774
IND505209AAA	19	8	2	5	367	19.32	26.32	775
IND679303AAA	28	14	1	26	366	13.07	92.86	776
IND209206AAB	43	15	1	25	366	8.51	58.14	777
IND204215AAA	24	6	1	24	366	15.25	100.00	778
IND742223AAA	48	17	1	17	366	7.62	35.42	779
IND500039AAD	24	8	1	13	366	15.25	54.17	780
IND758034AAA	16	4	3	8	366	22.88	50.00	781
IND591201AAA	36	11	2	2	366	10.17	5.56	782
IND577401AAA	34	8	2	3	365	10.74	8.82	783
IND632301AAA	13	12	2	9	362	27.85	69.23	784
IND732138AAA	23	7	3	9	362	15.74	39.13	784
IND207123AAA	1	1	1	1	362	362	100.00	785
IND731204AAB	13	13	1	8	361	27.77	61.54	786
IND791102AAA	10	1	1	4	360	36	40.00	787
IND523230AAA	51	19	1	7	359	7.04	13.73	788
IND712602AAA	4	3	2	4	358	89.5	100.00	789
IND201304AAA	21	18	1	11	357	17	52.38	790
IND174021AAA	12	12	1	7	357	29.75	58.33	791
IND303002AAA	20	10	1	5	357	17.85	25.00	792
IND480334AAA	42	21	1	3	357	8.5	7.14	793
IND627117AAA	22	11	1	9	356	16.18	40.91	794
IND284001AAA	25	6	1	6	356	14.24	24.00	795
IND421802AAA	26	7	1	6	356	13.69	23.08	795
IND421401AAC	26	11	1	25	355	13.65	96.15	796
IND781014AAA	33	12	2	22	355	10.76	66.67	797
IND281401AAA	46	12	2	11	355	7.72	23.91	798
IND843320AAA	8	8	1	5	355	44.38	62.50	799
IND532440AAA	34	17	1	2	355	10.44	5.88	800
IND506001AAC	30	15	2	8	354	11.8	26.67	801
IND533308AAB	31	16	2	2	353	11.39	6.45	802
IND627756AAA	34	17	1	5	352	10.35	14.71	803
IND284403AAA	5	3	2	1	352	70.4	20.00	804
IND801103AAA	11	11	1	11	349	31.73	100.00	805
IND203131AAA	32	16	1	7	349	10.91	21.88	806
IND824101AAA	22	11	2	6	348	15.82	27.27	807
IND473443AAA	14	7	1	4	348	24.86	28.57	808
IND285001AAD	42	21	1	16	347	8.26	38.10	809
IND425201AAA	36	9	1	14	347	9.64	38.89	810
IND803213AAA	10	5	2	4	347	34.7	40.00	811
IND251001AAA	22	12	1	10	346	15.73	45.45	812
IND124103AAA	27	9	1	9	346	12.81	33.33	813
IND142026AAA	20	19	2	2	346	17.3	10.00	814
IND531001AAA	24	5	2	10	345	14.38	41.67	815
IND387001AAA	41	14	1	7	344	8.39	17.07	816
IND302004AAA	17	9	2	9	341	20.06	52.94	817
IND600016AAC	26	12	2	6	341	13.12	23.08	818
IND342601AAA	18	9	2	7	340	18.89	38.89	819
IND524132AAA	28	14	1	7	340	12.14	25.00	819
IND516227AAA	16	2	1	6	340	21.25	37.50	820
IND673121AAA	24	8	1	14	338	14.08	58.33	821
IND205135AAA	15	13	1	9	337	22.47	60.00	822
IND509216AAC	31	12	1	9	337	10.87	29.03	822
IND509324AAA	16	8	1	13	333	20.81	81.25	823
IND312403AAA	27	9	1	6	333	12.33	22.22	824
IND641001AAA	10	3	1	3	332	33.2	30.00	825
IND250611AAA	22	11	1	10	331	15.05	45.45	826
IND639001AAA	27	9	1	5	331	12.26	18.52	827
IND413517AAA	20	3	2	14	330	16.5	70.00	828
IND606105AAA	74	14	1	6	330	4.46	8.11	829
IND636016AAA	81	16	2	12	329	4.06	14.81	830
IND383315AAC	46	13	2	3	328	7.13	6.52	831
IND365560AAA	23	7	1	6	327	14.22	26.09	832
IND441904AAB	36	12	1	10	326	9.06	27.78	833
IND493118AAC	55	11	1	6	326	5.93	10.91	834
IND144001AAA	29	16	1	4	326	11.24	13.79	835
IND470117AAA	24	6	1	8	325	13.54	33.33	836
IND791125AAB	16	4	1	7	325	20.31	43.75	837
IND480661AAA	33	8	2	4	325	9.85	12.12	838
IND621010AAA	32	16	1	4	325	10.16	12.50	838
IND531163AAA	39	13	1	26	323	8.28	66.67	839
IND577501AAA	30	10	1	7	323	10.77	23.33	840
IND523201AAA	3	2	1	2	323	107.67	66.67	841
IND121004AAA	20	10	1	11	322	16.1	55.00	842
IND621802AAA	16	12	2	10	322	20.12	62.50	843
IND503187AAA	38	20	1	14	320	8.42	36.84	844
IND607001AAA	22	11	1	5	320	14.55	22.73	845
IND643001AAA	18	6	1	18	319	17.72	100.00	846
IND482002AAA	4	3	1	3	319	79.75	75.00	847
IND127021AAA	24	8	1	11	318	13.25	45.83	848
IND360575AAA	39	10	1	11	318	8.15	28.21	848
IND233001AAA	9	4	2	9	317	35.22	100.00	849
IND380005AAA	14	10	3	9	317	22.64	64.29	849
IND515671AAA	29	14	2	4	317	10.93	13.79	850
IND571104AAA	21	17	2	3	317	15.1	14.29	851
IND787057AAA	10	10	1	5	316	31.6	50.00	852
IND160055AAA	75	21	1	9	315	4.2	12.00	853
IND802119AAA	31	16	1	3	315	10.16	9.68	854
IND134203AAA	61	15	2	10	314	5.15	16.39	855
IND000000AFR	24	8	1	8	314	13.08	33.33	856
IND736146AAA	16	8	1	6	314	19.62	37.50	857
IND201306AAA	17	9	2	10	313	18.41	58.82	858
IND577598AAC	22	11	1	4	312	14.18	18.18	859
IND246701AAA	24	12	1	9	310	12.92	37.50	860
IND305624AAA	24	8	1	9	310	12.92	37.50	860
IND483770AAA	11	2	1	9	310	28.18	81.82	860
IND732202AAA	22	11	1	22	309	14.05	100.00	861
IND756019AAA	17	12	5	9	309	18.18	52.94	862
IND621306AAA	39	12	1	6	309	7.92	15.38	863
IND274304AAB	18	14	2	13	308	17.11	72.22	864
IND272001AAA	19	7	2	9	308	16.21	47.37	865
IND713303AAA	6	6	1	6	308	51.33	100.00	866
IND534260AAC	12	4	1	5	308	25.67	41.67	867
IND571432AAB	34	17	1	4	308	9.06	11.76	868
IND458001AAB	22	11	1	8	306	13.91	36.36	869
IND521105AAA	12	8	2	9	305	25.42	75.00	870
IND124001AAB	12	4	1	5	305	25.42	41.67	871
IND403726AAB	45	22	5	7	304	6.76	15.56	872
IND201301AAD	6	2	1	5	304	50.67	83.33	873
IND441614AAA	18	9	1	12	301	16.72	66.67	874
IND586101AAA	12	4	1	6	301	25.08	50.00	875
IND000000AAZ	5	2	2	5	301	60.2	100.00	876
IND723133AAA	24	13	1	4	301	12.54	16.67	877
IND503185AAA	38	19	1	16	299	7.87	42.11	878
IND784110AAA	11	3	2	5	299	27.18	45.45	879
IND518401AAA	24	12	1	10	298	12.42	41.67	880
IND600016AAA	16	8	1	10	298	18.62	62.50	880
IND602001AAA	12	3	1	9	298	24.83	75.00	881
IND733140AAA	27	10	2	11	297	11	40.74	882
IND121004AAC	12	6	1	6	297	24.75	50.00	883
IND680012AAA	55	11	1	2	297	5.4	3.64	884
IND244601AAB	23	9	1	2	296	12.87	8.70	885
IND535558AAA	35	20	1	8	295	8.43	22.86	886
IND614616AAA	29	16	1	5	295	10.17	17.24	887
IND614715AAA	50	17	1	21	294	5.88	42.00	888
IND306116AAA	9	3	1	3	294	32.67	33.33	889
IND625516AAA	7	7	1	1	294	42	14.29	890
IND388121AAA	54	11	1	13	293	5.43	24.07	891
IND201307AAA	58	28	1	10	293	5.05	17.24	892
IND444203AAA	10	5	1	7	293	29.3	70.00	893
IND721134AAB	36	17	2	7	293	8.14	19.44	893
IND792110AAA	25	2	1	12	292	11.68	48.00	894
IND572201AAB	17	7	4	6	292	17.18	35.29	895
IND176201AAA	18	9	1	4	291	16.17	22.22	896
IND209625AAA	24	11	1	2	291	12.12	8.33	897
IND422103AAC	51	11	2	12	290	5.69	23.53	898
IND502110AAA	38	19	1	7	290	7.63	18.42	899
IND000000AAS	18	9	1	5	288	16	27.78	900
IND562159AAA	20	11	1	8	287	14.35	40.00	901
IND274304AAA	6	6	1	6	287	47.83	100.00	902
IND641664AAA	60	15	1	5	286	4.77	8.33	903
IND680104AAA	20	17	1	2	286	14.3	10.00	904
IND828401AAB	22	7	1	17	285	12.95	77.27	905
IND335523AAB	5	1	1	2	285	57	40.00	906
IND620020AAA	50	25	1	15	284	5.68	30.00	907
IND332713AAA	14	7	2	3	284	20.29	21.43	908
IND311001AAA	5	5	1	0	284	56.8	0.00	909
IND695101AAB	42	21	2	2	283	6.74	4.76	910
IND500055AAC	34	17	1	20	282	8.29	58.82	911
IND520011AAA	41	8	1	11	282	6.88	26.83	912
IND176110AAB	9	9	1	6	278	30.89	66.67	913
IND686028AAB	47	17	2	5	277	5.89	10.64	914
IND413531AAA	26	4	1	13	275	10.58	50.00	915
IND274509AAB	11	5	3	5	275	25	45.45	916
IND571313AAB	20	10	1	3	275	13.75	15.00	917
IND333031AAA	10	5	1	10	274	27.4	100.00	918
IND484001AAA	21	7	2	7	274	13.05	33.33	919
IND602024AAA	26	13	2	20	273	10.5	76.92	920
IND803101AAA	18	9	1	13	272	15.11	72.22	921
IND792001AAA	14	3	2	6	270	19.29	42.86	922
IND502313AAA	18	6	1	3	270	15	16.67	923
IND400612AAA	10	10	1	7	267	26.7	70.00	924
IND805110AAD	9	9	1	6	267	29.67	66.67	925
IND322230AAA	45	14	1	5	267	5.93	11.11	926
IND530043AAA	31	13	2	4	267	8.61	12.90	927
IND758001AAA	14	6	2	5	266	19	35.71	928
IND581320AAA	14	5	2	6	265	18.93	42.86	929
IND263002AAA	26	13	1	1	265	10.19	3.85	930
IND577132AAD	19	11	1	8	263	13.84	42.11	931
IND303702AAB	32	12	2	5	263	8.22	15.63	932
IND396191AAB	12	2	1	5	261	21.75	41.67	933
IND303106AAA	20	11	2	4	259	12.95	20.00	934
IND431107AAB	12	6	1	4	259	21.58	33.33	934
IND341303AAA	28	14	1	6	258	9.21	21.43	935
IND742137AAA	18	6	1	13	257	14.28	72.22	936
IND509203AAA	37	19	1	3	257	6.95	8.11	937
IND246444AAB	15	15	1	0	254	16.93	0.00	938
IND231217AAA	14	7	1	13	253	18.07	92.86	939
IND561207AAB	57	13	2	5	252	4.42	8.77	940
IND423109AAA	27	14	3	12	251	9.3	44.44	941
IND722143AAB	20	10	1	2	251	12.55	10.00	942
IND781005AAA	18	10	1	11	250	13.89	61.11	943
IND762001AAA	9	1	1	7	250	27.78	77.78	944
IND380006AAA	36	18	1	9	248	6.89	25.00	945
IND611001AAA	11	10	1	9	247	22.45	81.82	946
IND361305AAC	24	11	2	4	247	10.29	16.67	947
IND110014AAA	14	11	1	14	246	17.57	100.00	948
IND586101AAB	15	5	1	8	246	16.4	53.33	949
IND384265AAB	36	12	2	2	246	6.83	5.56	950
IND781022AAA	24	12	1	3	245	10.21	12.50	951
IND630002AAA	28	14	1	1	245	8.75	3.57	952
IND691574AAA	42	21	1	7	244	5.81	16.67	953
IND638657AAA	59	16	1	9	243	4.12	15.25	954
IND212501AAA	36	13	1	10	242	6.72	27.78	955
IND465333AAA	12	3	1	5	242	20.17	41.67	956
IND623315AAB	60	15	1	9	241	4.02	15.00	957
IND560085AAA	21	7	1	8	241	11.48	38.10	958
IND305802AAA	12	6	1	7	241	20.08	58.33	959
IND515301AAA	32	16	1	9	240	7.5	28.13	960
IND136118AAA	44	22	1	1	240	5.45	2.27	961
IND781102AAA	2	2	1	1	239	119.5	50.00	962
IND414302AAB	9	3	2	5	237	26.33	55.56	963
IND140401AAA	21	7	3	4	237	11.29	19.05	964
IND786125AAA	19	7	1	15	236	12.42	78.95	965
IND282001AAC	16	2	1	8	236	14.75	50.00	966
IND505326AAB	4	3	3	2	236	59	50.00	967
IND621212AAA	31	16	1	7	235	7.58	22.58	968
IND334001AAC	22	6	2	3	235	10.68	13.64	969
IND342602AAC	13	4	2	3	235	18.08	23.08	969
IND734214AAB	3	3	1	3	235	78.33	100.00	969
IND767001AAA	16	4	2	6	234	14.62	37.50	970
IND628613AAA	53	14	1	4	234	4.42	7.55	971
IND423106AAA	16	8	1	3	234	14.62	18.75	972
IND784125AAA	9	3	1	7	233	25.89	77.78	973
IND141109AAA	36	18	1	2	233	6.47	5.56	974
IND733128AAA	23	7	2	9	232	10.09	39.13	975
IND465669AAB	21	11	1	2	232	11.05	9.52	976
IND201301AAL	34	16	2	6	231	6.79	17.65	977
IND581303AAA	32	14	2	6	231	7.22	18.75	977
IND486886AAA	7	7	1	7	229	32.71	100.00	978
IND683565AAA	26	13	1	7	229	8.81	26.92	978
IND607106AAA	27	14	1	17	228	8.44	62.96	979
IND571111AAB	20	10	1	5	227	11.35	25.00	980
IND680712AAA	36	9	1	3	227	6.31	8.33	981
IND480886AAA	33	8	2	2	227	6.88	6.06	982
IND767017AAA	13	3	2	8	226	17.38	61.54	983
IND691506AAA	40	20	1	4	226	5.65	10.00	984
IND673104AAA	34	17	1	7	225	6.62	20.59	985
IND126102AAA	14	7	2	10	223	15.93	71.43	986
IND577535AAC	26	10	1	2	223	8.58	7.69	987
IND488001AAA	12	4	1	8	222	18.5	66.67	988
IND403601AAA	10	4	1	5	222	22.2	50.00	989
IND321001AAB	18	8	2	4	222	12.33	22.22	990
IND575014AAA	13	1	1	5	221	17	38.46	991
IND768216AAA	9	5	1	5	221	24.56	55.56	991
IND203396AAB	30	15	1	3	220	7.33	10.00	992
IND244412AAA	28	13	2	0	220	7.86	0.00	993
IND609110AAA	16	8	1	6	219	13.69	37.50	994
IND322001AAC	34	3	1	5	219	6.44	14.71	995
IND464668AAA	8	2	1	5	219	27.38	62.50	995
IND415409AAB	24	13	1	9	218	9.08	37.50	996
IND802213AAB	5	5	1	5	218	43.6	100.00	997
IND122001AAD	14	10	1	4	218	15.57	28.57	998
IND232104AAB	19	4	3	9	217	11.42	47.37	999
IND781003AAA	6	3	1	6	217	36.17	100.00	1000
IND121002AAA	1	1	1	1	217	217	100.00	1001
IND133004AAA	18	6	1	5	216	12	27.78	1002
IND246001AAA	10	4	1	0	216	21.6	0.00	1003
IND625532AAA	15	7	2	6	215	14.33	40.00	1004
IND642126AAA	65	17	1	6	215	3.31	9.23	1004
IND421302AAF	12	12	1	12	214	17.83	100.00	1005
IND799250AAA	5	1	1	5	214	42.8	100.00	1006
IND244301AAA	21	11	1	4	214	10.19	19.05	1007
IND785612AAB	11	2	2	3	214	19.45	27.27	1008
IND603001AAA	49	13	1	7	213	4.35	14.29	1009
IND751015AAA	30	13	4	11	212	7.07	36.67	1010
IND410505AAB	13	7	2	10	210	16.15	76.92	1011
IND360510AAB	37	13	1	8	210	5.68	21.62	1012
IND125121AAA	6	3	1	3	210	35	50.00	1013
IND144040AAA	15	10	1	7	209	13.93	46.67	1014
IND345021AAA	30	10	1	5	209	6.97	16.67	1015
IND721133AAA	4	2	1	4	209	52.25	100.00	1016
IND141115AAA	19	14	1	4	208	10.95	21.05	1017
IND735224AAA	23	8	1	4	208	9.04	17.39	1017
IND332404AAA	35	12	1	7	207	5.91	20.00	1018
IND410501AAF	8	4	1	7	207	25.88	87.50	1018
IND627811AAA	20	10	1	4	207	10.35	20.00	1019
IND577101AAA	16	9	2	12	206	12.88	75.00	1020
IND425406AAA	12	7	3	6	206	17.17	50.00	1021
IND713103AAA	12	4	1	5	206	17.17	41.67	1022
IND000000AFG	8	4	2	4	206	25.75	50.00	1023
IND530026AAA	16	4	1	10	205	12.81	62.50	1024
IND000000AFF	3	3	1	3	205	68.33	100.00	1025
IND770001AAA	18	6	1	2	205	11.39	11.11	1026
IND614602AAA	16	16	1	0	205	12.81	0.00	1027
IND505001AAA	20	10	2	6	204	10.2	30.00	1028
IND622407AAA	28	14	1	5	204	7.29	17.86	1029
IND637408AAA	19	10	1	3	204	10.74	15.79	1030
IND506143AAA	24	16	1	8	202	8.42	33.33	1031
IND263139AAA	12	6	1	2	202	16.83	16.67	1032
IND531036AAA	14	4	1	11	200	14.29	78.57	1033
IND504201AAA	14	6	2	1	199	14.21	7.14	1034
IND414001AAA	11	3	3	3	198	18	27.27	1035
IND303108AAB	18	9	1	4	197	10.94	22.22	1036
IND574211AAA	8	6	2	7	194	24.25	87.50	1037
IND792120AAB	6	3	1	6	194	32.33	100.00	1038
IND571301AAA	16	8	1	5	194	12.12	31.25	1039
IND363330AAB	16	8	1	4	194	12.12	25.00	1040
IND815351AAA	36	12	1	4	193	5.36	11.11	1041
IND144401AAB	29	17	1	11	192	6.62	37.93	1042
IND462011AAA	15	11	1	11	192	12.8	73.33	1042
IND276305AAA	11	7	1	5	192	17.45	45.45	1043
IND400072AAJ	2	2	1	2	192	96	100.00	1044
IND686507AAA	17	16	2	13	191	11.24	76.47	1045
IND345001AAA	27	5	2	4	191	7.07	14.81	1046
IND484661AAE	8	3	2	6	189	23.62	75.00	1047
IND581334AAA	10	6	3	3	189	18.9	30.00	1048
IND621211AAA	18	15	1	1	189	10.5	5.56	1049
IND695121AAA	27	18	2	5	187	6.93	18.52	1050
IND362220AAA	28	8	2	8	186	6.64	28.57	1051
IND600004AAA	4	3	1	3	185	46.25	75.00	1052
IND562117AAA	27	10	1	2	185	6.85	7.41	1053
IND223101AAB	13	7	1	6	184	14.15	46.15	1054
IND243201AAA	13	4	1	6	184	14.15	46.15	1054
IND721602AAB	23	4	1	2	184	8	8.70	1055
IND580002AAA	2	2	1	1	184	92	50.00	1056
IND276129AAA	3	1	1	3	182	60.67	100.00	1057
IND591115AAB	14	6	2	3	182	13	21.43	1057
IND361315AAA	22	11	1	0	182	8.27	0.00	1058
IND786184AAA	18	7	2	9	181	10.06	50.00	1059
IND274402AAA	6	5	2	6	180	30	100.00	1060
IND500018AAA	4	4	1	4	180	45	100.00	1061
IND202001AAC	16	4	1	13	179	11.19	81.25	1062
IND396445AAA	21	7	1	7	178	8.48	33.33	1063
IND442001AAA	5	5	1	5	178	35.6	100.00	1064
IND811201AAB	8	4	2	5	178	22.25	62.50	1064
IND643217AAA	20	10	1	9	176	8.8	45.00	1065
IND712406AAA	5	4	2	4	176	35.2	80.00	1066
IND600056AAA	14	7	1	12	175	12.5	85.71	1067
IND505327AAA	18	12	1	7	174	9.67	38.89	1068
IND576201AAA	8	4	1	4	174	21.75	50.00	1069
IND712410AAC	10	6	1	3	173	17.3	30.00	1070
IND174307AAA	17	17	1	0	173	10.18	0.00	1071
IND781335AAA	11	4	1	3	172	15.64	27.27	1072
IND679531AAA	30	15	1	2	172	5.73	6.67	1073
IND492001AAB	8	8	1	6	171	21.38	75.00	1074
IND262001AAA	26	7	2	5	171	6.58	19.23	1075
IND501101AAB	31	6	2	7	170	5.48	22.58	1076
IND608001AAA	7	7	1	4	170	24.29	57.14	1077
IND561203AAB	36	12	1	3	170	4.72	8.33	1078
IND673506AAA	34	17	1	0	169	4.97	0.00	1079
IND232101AAB	13	7	1	6	168	12.92	46.15	1080
IND275503AAA	4	4	1	4	168	42	100.00	1081
IND695582AAA	42	20	2	5	167	3.98	11.90	1082
IND632402AAA	16	11	1	2	167	10.44	12.50	1083
IND628204AAA	68	17	1	2	166	2.44	2.94	1084
IND700144AAA	4	4	1	4	165	41.25	100.00	1085
IND532222AAA	26	12	2	0	165	6.35	0.00	1086
IND271201AAA	18	6	1	10	164	9.11	55.56	1087
IND431122AAA	14	7	1	10	164	11.71	71.43	1087
IND571430AAA	19	10	1	3	164	8.63	15.79	1088
IND841101AAA	3	3	1	3	164	54.67	100.00	1088
IND680307AAA	24	12	2	2	164	6.83	8.33	1089
IND792103AAB	44	11	1	6	163	3.7	13.64	1090
IND385001AAA	19	14	1	5	163	8.58	26.32	1091
IND689645AAA	30	15	1	2	163	5.43	6.67	1092
IND637301AAA	10	10	1	2	162	16.2	20.00	1093
IND131301AAA	6	2	1	5	159	26.5	83.33	1094
IND636102AAA	25	5	1	4	159	6.36	16.00	1095
IND145001AAA	9	8	2	3	159	17.67	33.33	1096
IND768004AAD	6	2	2	5	158	26.33	83.33	1097
IND562108AAA	12	2	1	3	158	13.17	25.00	1098
IND415003AAA	24	9	2	0	158	6.58	0.00	1099
IND505302AAB	23	10	3	1	156	6.78	4.35	1100
IND626607AAB	15	7	1	0	156	10.4	0.00	1101
IND277211AAA	5	5	1	5	155	31	100.00	1102
IND246725AAB	20	10	1	1	155	7.75	5.00	1103
IND721139AAC	15	3	2	5	154	10.27	33.33	1104
IND722101AAA	24	8	1	4	154	6.42	16.67	1105
IND203001AAA	5	5	1	5	153	30.6	100.00	1106
IND732139AAA	8	2	2	5	153	19.12	62.50	1106
IND811105AAA	6	2	1	3	153	25.5	50.00	1107
IND804452AAA	6	6	1	6	152	25.33	100.00	1108
IND621704AAA	34	17	1	0	151	4.44	0.00	1109
IND125104AAA	7	1	1	4	150	21.43	57.14	1110
IND760003AAB	6	2	2	4	149	24.83	66.67	1111
IND721401AAA	8	2	1	3	149	18.62	37.50	1112
IND854105AAA	6	2	1	3	149	24.83	50.00	1112
IND723131AAA	12	12	1	0	149	12.42	0.00	1113
IND604303AAA	8	4	1	4	148	18.5	50.00	1114
IND721434AAB	4	2	1	3	148	37	75.00	1115
IND486001AAA	4	2	1	2	147	36.75	50.00	1116
IND562125AAA	1	1	1	1	147	147	100.00	1117
IND122503AAA	8	2	1	4	146	18.25	50.00	1118
IND412210AAC	6	2	1	2	146	24.33	33.33	1119
IND821307AAA	15	8	1	7	145	9.67	46.67	1120
IND785675AAA	7	1	1	5	145	20.71	71.43	1121
IND483501AAA	6	3	1	3	144	24	50.00	1122
IND209101AAA	26	17	1	2	144	5.54	7.69	1123
IND733102AAA	9	1	1	2	144	16	22.22	1123
IND751014AAA	6	5	1	6	143	23.83	100.00	1124
IND110039AAA	6	3	1	4	143	23.83	66.67	1125
IND173220AAA	3	3	2	3	143	47.67	100.00	1126
IND689503AAB	5	1	1	3	142	28.4	60.00	1127
IND690548AAA	45	15	1	3	142	3.16	6.67	1127
IND177001AAA	7	7	1	1	142	20.29	14.29	1128
IND000000AAQ	4	2	1	4	141	35.25	100.00	1129
IND303301AAB	42	12	1	6	139	3.31	14.29	1130
IND732103AAA	4	2	1	4	139	34.75	100.00	1131
IND852118AAA	5	2	2	2	139	27.8	40.00	1132
IND363520AAC	39	13	1	1	139	3.56	2.56	1133
IND411043AAA	6	3	1	5	138	23	83.33	1134
IND635207AAA	7	1	1	5	138	19.71	71.43	1134
IND508252AAB	24	6	1	3	138	5.75	12.50	1135
IND678683AAA	26	13	1	5	137	5.27	19.23	1136
IND144514AAA	9	6	2	3	136	15.11	33.33	1137
IND201001AAA	5	5	1	5	135	27	100.00	1138
IND276128AAA	12	6	1	4	135	11.25	33.33	1139
IND423105AAA	16	8	2	3	134	8.38	18.75	1140
IND209721AAB	19	10	1	2	134	7.05	10.53	1141
IND827013AAA	14	5	1	7	133	9.5	50.00	1142
IND757025AAA	10	6	1	5	133	13.3	50.00	1143
IND362225AAA	22	6	1	4	133	6.05	18.18	1144
IND231208AAA	6	6	1	2	132	22	33.33	1145
IND581343AAC	11	6	1	2	132	12	18.18	1145
IND477001AAA	4	1	1	4	131	32.75	100.00	1146
IND574227AAA	19	9	1	4	131	6.89	21.05	1146
IND621112AAA	1	1	1	1	131	131	100.00	1147
IND628801AAA	34	17	1	1	131	3.85	2.94	1147
IND786171AAA	16	11	1	10	130	8.12	62.50	1148
IND127201AAA	7	3	1	3	130	18.57	42.86	1149
IND231205AAA	3	3	1	3	130	43.33	100.00	1149
IND624202AAA	14	11	1	3	130	9.29	21.43	1149
IND711303AAA	34	17	1	5	129	3.79	14.71	1150
IND754022AAA	5	2	1	3	129	25.8	60.00	1151
IND501141AAA	20	5	1	2	128	6.4	10.00	1152
IND247776AAA	9	9	1	0	128	14.22	0.00	1153
IND574239AAA	7	7	1	0	128	18.29	0.00	1153
IND793150AAA	5	1	1	2	127	25.4	40.00	1154
IND410503AAA	6	2	1	4	125	20.83	66.67	1155
IND383001AAA	26	13	1	1	125	4.81	3.85	1156
IND246761AAA	26	12	3	5	124	4.77	19.23	1157
IND244921AAB	13	3	2	4	124	9.54	30.77	1158
IND504251AAA	10	5	2	2	124	12.4	20.00	1159
IND756029AAA	8	1	1	1	124	15.5	12.50	1160
IND413307AAB	10	3	1	9	123	12.3	90.00	1161
IND125111AAA	4	2	1	2	123	30.75	50.00	1162
IND363641AAA	25	7	2	1	123	4.92	4.00	1163
IND574202AAA	12	6	1	3	122	10.17	25.00	1164
IND787059AAB	4	1	1	3	122	30.5	75.00	1164
IND508277AAB	12	11	1	0	122	10.17	0.00	1165
IND606003AAA	28	14	1	4	121	4.32	14.29	1166
IND518206AAA	11	5	2	3	121	11	27.27	1167
IND743235AAA	6	6	1	3	121	20.17	50.00	1167
IND231225AAB	7	7	1	0	121	17.29	0.00	1168
IND411048AAA	3	2	1	3	120	40	100.00	1169
IND518124AAA	9	7	2	0	120	13.33	0.00	1170
IND700136AAB	3	1	1	3	119	39.67	100.00	1171
IND335701AAA	28	7	1	2	119	4.25	7.14	1172
IND144527AAA	8	4	1	4	118	14.75	50.00	1173
IND201001AAC	17	3	2	3	118	6.94	17.65	1174
IND247667AAB	4	2	1	3	118	29.5	75.00	1174
IND695012AAB	3	3	1	3	118	39.33	100.00	1174
IND759122AAC	14	1	1	3	117	8.36	21.43	1175
IND796081AAA	3	1	1	3	117	39	100.00	1175
IND483225AAA	5	3	1	4	115	23	80.00	1176
IND486771AAA	6	6	1	2	115	19.17	33.33	1177
IND574117AAA	5	3	2	1	115	23	20.00	1178
IND606803AAA	16	13	1	3	114	7.12	18.75	1179
IND625218AAA	4	1	1	2	114	28.5	50.00	1180
IND732204AAB	17	8	2	2	113	6.65	11.76	1181
IND487001AAB	8	4	1	1	113	14.12	12.50	1182
IND415301AAB	14	4	1	6	109	7.79	42.86	1183
IND177203AAA	3	3	1	1	109	36.33	33.33	1184
IND577126AAA	3	1	1	2	108	36	66.67	1185
IND515411AAA	6	2	1	1	108	18	16.67	1186
IND854334AAA	18	16	3	0	108	6	0.00	1187
IND495334AAB	58	12	1	5	107	1.84	8.62	1188
IND614804AAA	30	16	1	2	107	3.57	6.67	1189
IND414502AAA	7	7	1	0	107	15.29	0.00	1190
IND783370AAB	6	2	1	5	106	17.67	83.33	1191
IND443301AAA	4	2	1	4	106	26.5	100.00	1192
IND142401AAA	11	6	1	2	106	9.64	18.18	1193
IND695609AAA	9	3	1	2	106	11.78	22.22	1193
IND623526AAA	32	8	1	0	106	3.31	0.00	1194
IND384170AAA	17	12	1	4	105	6.18	23.53	1195
IND327001AAB	12	4	1	0	105	8.75	0.00	1196
IND272207AAB	7	3	1	6	104	14.86	85.71	1197
IND335703AAA	32	9	1	6	104	3.25	18.75	1197
IND334803AAA	8	3	1	2	104	13	25.00	1198
IND176215AAA	4	3	1	0	104	26	0.00	1199
IND783129AAA	4	1	1	2	103	25.75	50.00	1200
IND000000AFJ	42	21	2	1	103	2.45	2.38	1201
IND733129AAB	13	5	1	6	102	7.85	46.15	1202
IND754142AAA	2	2	1	2	101	50.5	100.00	1203
IND400072AAI	1	1	1	1	101	101	100.00	1204
IND413307AAC	9	1	1	4	100	11.11	44.44	1205
IND504296AAA	10	4	3	2	100	10	20.00	1206
IND768201AAA	2	1	1	1	100	50	50.00	1207
IND464221AAA	5	1	1	4	98	19.6	80.00	1208
IND560077AAA	3	1	1	2	98	32.67	66.67	1209
IND277303AAC	12	6	1	0	98	8.17	0.00	1210
IND641654AAA	31	11	1	4	97	3.13	12.90	1211
IND140501AAA	28	14	1	1	97	3.46	3.57	1212
IND683572AAA	22	13	1	4	96	4.36	18.18	1213
IND201204AAA	6	6	1	1	96	16	16.67	1214
IND341512AAA	6	5	1	1	96	16	16.67	1214
IND177101AAA	6	3	2	0	96	16	0.00	1215
IND676306AAA	14	7	1	5	95	6.79	35.71	1216
IND312601AAA	11	6	1	2	95	8.64	18.18	1217
IND335804AAD	44	11	2	5	94	2.14	11.36	1218
IND303901AAA	18	3	1	3	93	5.17	16.67	1219
IND624101AAA	20	10	1	2	93	4.65	10.00	1220
IND518222AAA	15	5	1	3	92	6.13	20.00	1221
IND000000ABA	8	7	1	3	90	11.25	37.50	1222
IND673305AAA	31	14	1	3	90	2.9	9.68	1222
IND625531AAA	14	7	1	0	90	6.43	0.00	1223
IND125033AAA	5	5	2	2	89	17.8	40.00	1224
IND470113AAA	7	3	2	2	89	12.71	28.57	1224
IND590016AAA	10	5	1	2	89	8.9	20.00	1224
IND811307AAA	5	2	2	2	89	17.8	40.00	1224
IND852118A1B	3	1	1	1	89	29.67	33.33	1225
IND623704AAA	14	7	1	0	89	6.36	0.00	1226
IND785621AAA	6	3	1	2	88	14.67	33.33	1227
IND385340AAB	16	4	1	1	88	5.5	6.25	1228
IND722202AAA	15	5	2	1	88	5.87	6.67	1228
IND643231AAA	13	11	1	0	88	6.77	0.00	1229
IND500032AAA	12	4	1	4	87	7.25	33.33	1230
IND334001AAB	6	2	1	2	87	14.5	33.33	1231
IND275303AAA	4	4	1	3	86	21.5	75.00	1232
IND791109AAA	2	1	1	2	86	43	100.00	1233
IND695572AAB	28	14	2	0	86	3.07	0.00	1234
IND689101AAA	19	10	2	2	85	4.47	10.53	1235
IND791110AAA	2	1	1	1	85	42.5	50.00	1236
IND505425AAA	4	2	2	2	84	21	50.00	1237
IND151505AAA	5	5	1	1	84	16.8	20.00	1238
IND443201AAA	1	1	1	1	84	84	100.00	1238
IND825102AAA	5	3	1	3	83	16.6	60.00	1239
IND363001AAA	27	14	1	2	83	3.07	7.41	1240
IND757001AAA	5	2	1	3	82	16.4	60.00	1241
IND636005AAA	5	5	2	2	81	16.2	40.00	1242
IND562101AAA	47	13	1	5	80	1.7	10.64	1243
IND689650AAA	12	3	1	2	80	6.67	16.67	1244
IND757024AAA	2	1	1	1	80	40	50.00	1245
IND331022A1B	3	1	1	2	79	26.33	66.67	1246
IND387620AAB	6	1	1	2	79	13.17	33.33	1246
IND636352AAA	5	5	1	0	79	15.8	0.00	1247
IND241124AAB	4	4	1	3	77	19.25	75.00	1248
IND508116AAA	31	15	2	0	77	2.48	0.00	1249
IND110024AAA	10	9	1	3	76	7.6	30.00	1250
IND768028AAB	4	1	1	3	76	19	75.00	1250
IND560027AAA	7	4	1	3	75	10.71	42.86	1251
IND841405AAA	9	1	1	3	75	8.33	33.33	1251
IND400706AAA	2	2	1	2	75	37.5	100.00	1252
IND811213AAA	4	3	2	2	75	18.75	50.00	1252
IND487001AAA	8	4	1	0	75	9.38	0.00	1253
IND624619AAA	17	10	1	5	74	4.35	29.41	1254
IND181152AAA	10	5	1	4	74	7.4	40.00	1255
IND627657AAA	44	16	1	2	74	1.68	4.55	1256
IND573103AAA	13	7	2	1	74	5.69	7.69	1257
IND841226AAB	4	2	1	3	73	18.25	75.00	1258
IND563130AAA	30	10	1	2	73	2.43	6.67	1259
IND754202AAA	2	1	1	1	71	35.5	50.00	1260
IND641008AAA	5	4	2	3	70	14	60.00	1261
IND505325AAA	9	6	1	1	70	7.78	11.11	1262
IND571438AAB	13	9	1	4	69	5.31	30.77	1263
IND442605AAA	9	3	1	3	69	7.67	33.33	1264
IND275101AAA	2	2	1	2	69	34.5	100.00	1265
IND364270AAA	4	2	1	2	69	17.25	50.00	1265
IND516001AAA	4	2	1	2	68	17	50.00	1266
IND242001AAA	1	1	1	1	68	68	100.00	1267
IND273155AAA	7	2	2	4	67	9.57	57.14	1268
IND495004AAA	3	1	1	2	67	22.33	66.67	1269
IND140406AAA	14	7	1	4	66	4.71	28.57	1270
IND341030AAA	9	3	1	0	66	7.33	0.00	1271
IND361335AAA	9	1	1	0	66	7.33	0.00	1271
IND577116AAA	16	8	1	0	66	4.12	0.00	1271
IND244715AAA	34	17	2	3	65	1.91	8.82	1272
IND303008AAB	14	5	1	3	65	4.64	21.43	1272
IND713145AAB	4	3	2	1	65	16.25	25.00	1273
IND754103AAA	2	1	1	1	65	32.5	50.00	1273
IND523105AAA	38	19	1	0	65	1.71	0.00	1274
IND160003AAA	4	1	1	2	64	16	50.00	1275
IND781354AAA	2	2	1	2	64	32	100.00	1275
IND505326AAA	2	1	1	1	64	32	50.00	1276
IND841301AAC	5	1	1	2	63	12.6	40.00	1277
IND462021AAA	1	1	1	1	63	63	100.00	1278
IND400072AAA	3	1	1	3	62	20.67	100.00	1279
IND676509AAA	9	4	2	2	62	6.89	22.22	1280
IND333504AAA	4	2	1	1	62	15.5	25.00	1281
IND207001AAA	23	6	1	0	62	2.7	0.00	1282
IND535591AAA	3	3	1	3	60	20	100.00	1283
IND411017AAA	4	2	1	2	60	15	50.00	1284
IND411033AAB	2	1	1	2	60	30	100.00	1284
IND638001AAA	3	3	1	3	59	19.67	100.00	1285
IND000000ADM	3	1	1	1	59	19.67	33.33	1286
IND335803AAA	17	7	1	2	58	3.41	11.76	1287
IND152101AAA	4	2	1	1	58	14.5	25.00	1288
IND122002AAD	7	2	1	5	57	8.14	71.43	1289
IND501301AAC	4	2	1	2	57	14.25	50.00	1290
IND273303AAA	3	1	1	1	57	19	33.33	1291
IND414203AAB	4	1	1	1	57	14.25	25.00	1291
IND584128AAA	6	2	1	4	56	9.33	66.67	1292
IND385320AAA	24	16	1	3	56	2.33	12.50	1293
IND343029AAB	6	2	1	1	56	9.33	16.67	1294
IND752050AAA	6	3	2	3	55	9.17	50.00	1295
IND221401AAA	2	2	1	2	55	27.5	100.00	1296
IND363621AAB	8	2	1	3	54	6.75	37.50	1297
IND576101AAA	6	3	1	1	54	9	16.67	1298
IND626117AAA	9	9	1	0	54	6	0.00	1299
IND768028AAA	4	1	1	2	53	13.25	50.00	1300
IND461001AAA	1	1	1	1	53	53	100.00	1301
IND754211AAA	1	1	1	1	53	53	100.00	1301
IND276140AAA	2	1	1	1	52	26	50.00	1302
IND403507AAB	3	1	1	1	52	17.33	33.33	1302
IND505503AAA	3	1	1	3	51	17	100.00	1303
IND444303AAA	2	2	1	2	51	25.5	100.00	1304
IND152123AAA	3	1	1	1	51	17	33.33	1305
IND152107AAA	2	1	1	1	50	25	50.00	1306
IND502295AAA	6	2	1	3	49	8.17	50.00	1307
IND360410AAA	2	2	1	2	49	24.5	100.00	1308
IND521201AAA	3	3	1	1	49	16.33	33.33	1309
IND516360AAB	4	2	1	0	49	12.25	0.00	1310
IND500055AAA	3	2	2	2	48	16	66.67	1311
IND742147AAA	5	3	1	1	48	9.6	20.00	1312
IND623701AAA	14	7	1	0	48	3.43	0.00	1313
IND591237AAB	5	4	1	1	47	9.4	20.00	1314
IND445101AAA	3	1	1	2	46	15.33	66.67	1315
IND147201AAA	13	7	1	1	46	3.54	7.69	1316
IND360003AAA	8	2	1	2	45	5.62	25.00	1317
IND571440AAA	19	10	1	2	45	2.37	10.53	1317
IND638401AAA	28	12	1	2	44	1.57	7.14	1318
IND152024AAA	4	2	1	1	44	11	25.00	1319
IND302006AAC	2	1	1	1	44	22	50.00	1319
IND303338AAB	24	6	1	0	44	1.83	0.00	1320
IND306304AAB	2	1	1	1	43	21.5	50.00	1321
IND814133AAA	3	1	1	1	43	14.33	33.33	1321
IND221303AAA	3	3	1	0	43	14.33	0.00	1322
IND110035AAC	6	3	1	2	42	7	33.33	1323
IND343001AAA	6	2	1	1	42	7	16.67	1324
IND623407AAA	30	15	1	1	41	1.37	3.33	1325
IND110093AAA	1	1	1	1	40	40	100.00	1326
IND301705AAA	2	1	1	1	40	20	50.00	1326
IND151302AAA	33	16	1	2	39	1.18	6.06	1327
IND144601AAA	4	3	2	1	39	9.75	25.00	1328
IND464001AAA	2	1	1	1	39	19.5	50.00	1328
IND679329AAA	6	3	1	0	39	6.5	0.00	1329
IND148102AAA	3	1	1	2	38	12.67	66.67	1330
IND221010AAA	1	1	1	1	38	38	100.00	1331
IND333001AAA	6	3	1	1	38	6.33	16.67	1331
IND148023AAA	5	3	2	0	38	7.6	0.00	1332
IND679322AAA	4	1	1	2	37	9.25	50.00	1333
IND517325AAA	1	1	1	1	37	37	100.00	1334
IND695541AAA	3	2	2	1	37	12.33	33.33	1334
IND491001AAA	5	1	1	0	37	7.4	0.00	1335
IND533242AAA	2	2	1	2	36	18	100.00	1336
IND733201AAA	3	1	1	1	36	12	33.33	1337
IND686540AAA	4	2	1	2	35	8.75	50.00	1338
IND695614AAA	4	3	1	1	35	8.75	25.00	1339
IND333028AAA	4	2	2	0	35	8.75	0.00	1340
IND758035AAA	2	1	1	0	35	17.5	0.00	1340
IND364290AAA	2	1	1	2	34	17	100.00	1341
IND250221AAA	1	1	1	1	34	34	100.00	1342
IND403002AAA	3	1	1	1	34	11.33	33.33	1342
IND741121AAA	1	1	1	1	34	34	100.00	1342
IND712612AAA	3	3	1	0	34	11.33	0.00	1343
IND733134AAA	7	3	1	0	34	4.86	0.00	1343
IND131028AAE	2	1	1	0	33	16.5	0.00	1344
IND591126AAA	4	2	1	0	33	8.25	0.00	1344
IND222125AAB	2	1	1	2	32	16	100.00	1345
IND201005AAA	1	1	1	1	32	32	100.00	1346
IND721636AAB	8	3	1	0	32	4	0.00	1347
IND110083AAA	2	1	1	1	31	15.5	50.00	1348
IND686632AAA	1	1	1	1	30	30	100.00	1349
IND690537AAA	1	1	1	1	30	30	100.00	1349
IND733202AAC	1	1	1	1	30	30	100.00	1349
IND110043AAC	5	1	1	0	30	6	0.00	1350
IND304001AAA	7	1	1	1	29	4.14	14.29	1351
IND307001AAA	4	2	1	1	29	7.25	25.00	1351
IND476001AAA	2	1	1	1	29	14.5	50.00	1351
IND844101AAB	1	1	1	1	29	29	100.00	1351
IND125050AAA	3	2	1	0	29	9.67	0.00	1352
IND623503AAA	21	7	1	2	28	1.33	9.52	1353
IND826001AAC	2	2	1	2	28	14	100.00	1353
IND484551AAA	2	1	1	1	28	14	50.00	1354
IND152116AAA	3	2	2	0	28	9.33	0.00	1355
IND754160AAA	1	1	1	0	28	28	0.00	1355
IND530018AAA	1	1	1	1	27	27	100.00	1356
IND600083AAA	2	2	1	1	27	13.5	50.00	1356
IND764059AAA	6	3	1	3	26	4.33	50.00	1357
IND110095AAB	7	1	1	0	26	3.71	0.00	1358
IND243002AAA	2	1	1	0	26	13	0.00	1358
IND147301AAA	4	2	2	0	25	6.25	0.00	1359
IND500039AAB	4	2	1	2	23	5.75	50.00	1360
IND222001AAA	1	1	1	1	23	23	100.00	1361
IND722101AAB	5	1	1	0	23	4.6	0.00	1362
IND396105AAA	4	2	1	1	22	5.5	25.00	1363
IND577432AAA	1	1	1	1	22	22	100.00	1363
IND751021AAA	1	1	1	1	22	22	100.00	1363
IND465333A1B	5	2	2	0	22	4.4	0.00	1364
IND272155AAA	5	3	1	1	21	4.2	20.00	1365
IND441603AAA	3	1	1	1	21	7	33.33	1365
IND560099AAG	2	2	1	1	21	10.5	50.00	1365
IND741101AAB	1	1	1	1	20	20	100.00	1366
IND148101AAA	5	5	1	0	20	4	0.00	1367
IND244501AAA	16	8	1	0	20	1.25	0.00	1367
IND331023AAA	6	3	1	0	20	3.33	0.00	1367
IND360370AAA	1	1	1	1	19	19	100.00	1368
IND500035AAA	2	1	1	1	19	9.5	50.00	1368
IND752055AAA	5	2	2	1	19	3.8	20.00	1368
IND571401AAA	20	10	1	0	19	0.95	0.00	1369
IND639104AAB	2	1	1	0	19	9.5	0.00	1369
IND211010AAB	1	1	1	1	18	18	100.00	1370
IND506169AAB	1	1	1	1	18	18	100.00	1370
IND752056AAA	3	1	1	1	18	6	33.33	1370
IND360311AAA	5	1	1	0	18	3.6	0.00	1371
IND424101AAA	3	1	1	1	17	5.67	33.33	1372
IND638452AAA	8	3	1	1	17	2.12	12.50	1372
IND671323AAD	2	1	1	1	17	8.5	50.00	1372
IND506343AAA	4	2	1	0	17	4.25	0.00	1373
IND425401AAA	4	1	1	1	16	4	25.00	1374
IND584123AAA	3	1	1	0	16	5.33	0.00	1375
IND764020AAC	1	1	1	1	15	15	100.00	1376
IND244901AAC	3	1	1	0	15	5	0.00	1377
IND335501AAA	1	1	1	0	15	15	0.00	1377
IND752030AAA	2	1	1	0	15	7.5	0.00	1377
IND306902AAA	1	1	1	0	14	14	0.00	1378
IND122001AAJ	26	13	1	0	13	0.5	0.00	1379
IND335524AAA	2	1	1	0	13	6.5	0.00	1379
IND425109AAA	3	1	1	0	13	4.33	0.00	1379
IND560099AAH	1	1	1	0	13	13	0.00	1379
IND600048AAA	2	1	1	1	12	6	50.00	1380
IND390018AAB	1	1	1	0	12	12	0.00	1381
IND600073AAA	2	1	1	1	11	5.5	50.00	1382
IND624703AAA	2	1	1	0	11	5.5	0.00	1383
IND756045AAB	1	1	1	0	11	11	0.00	1383
IND733202AAB	1	1	1	0	10	10	0.00	1384
IND141010AAA	1	1	1	0	9	9	0.00	1385
IND781018AAA	2	2	1	0	9	4.5	0.00	1385
IND784101AAA	3	1	1	0	9	3	0.00	1385
IND400016AAA	1	1	1	0	8	8	0.00	1386
IND395010AAB	1	1	1	0	7	7	0.00	1387
IND412803AAB	2	2	1	0	7	3.5	0.00	1387
IND125051AAA	4	4	1	0	6	1.5	0.00	1388
IND732123AAC	2	1	1	0	6	3	0.00	1388
IND110077AAA	1	1	1	0	5	5	0.00	1389
IND484224AAA	2	1	1	0	1	0.5	0.00	1390
